Customer_ID,Customer_Name,Age,Gender,Location,Product_Category,Product_ID,Purchase_Date,Purchase_Amount,Payment_Method,Rating,Feedback_Comments,Customer_Lifetime_Value,Loyalty_Score,Discount_Applied,Return_Status,Customer_Segment,Preferred_Shopping_Channel,Churn
17270,John,56.0,Other,New York,Books,674,2020-01-01 00:00:00,491.6430115939084,Cash,,,3673.7127471287,60,No,No,Regular,In-store,0
10860,Eve,33.0,Other,Houston,Home Appliances,393,2020-01-01 01:00:00,144.3267219240498,Cash,5.0,Good,2103.060388103142,29,Yes,Yes,New,In-store,1
15390,John,50.0,Female,Houston,Clothing,995,2020-01-01 02:00:00,109.3018917753112,Bank Transfer,,,899.1150591856137,92,No,No,VIP,Online,0
15191,Eve,66.0,Other,San Francisco,Electronics,405,2020-01-01 03:00:00,226.6555157554255,Bank Transfer,2.0,Excellent,2591.13771644049,62,Yes,Yes,Regular,Online,1
15734,Eve,38.0,Female,New York,Toys,353,2020-01-01 04:00:00,37.85187964907034,Bank Transfer,2.0,,548.6203971454596,80,No,Yes,Regular,Both,1
16265,Bob,26.0,Other,New York,Clothing,279,2020-01-01 05:00:00,489.4622876891775,PayPal,3.0,,2727.555898669597,46,No,No,Regular,Online,0
10466,Charlie,23.0,Female,New York,Clothing,139,2020-01-01 06:00:00,298.3324426440482,PayPal,4.0,,3076.554423084574,26,No,No,New,Both,1
14426,Eve,68.0,Other,Chicago,Books,875,2020-01-01 07:00:00,282.9065249154459,Bank Transfer,4.0,Bad,3269.74572904248,28,No,No,New,Online,0
15578,Bob,62.0,Other,Chicago,Electronics,800,2020-01-01 08:00:00,331.3401771508628,Credit Card,2.0,,4319.156456370234,92,Yes,No,VIP,Online,0
18322,Charlie,52.0,Male,San Francisco,Books,619,2020-01-01 09:00:00,253.5415874108313,Credit Card,3.0,Average,3428.350801832161,59,No,No,Regular,Both,0
11685,Eve,56.0,Other,New York,Books,715,2020-01-01 10:00:00,25.71112337632538,Bank Transfer,2.0,Good,287.6999803763301,55,No,No,Regular,Online,0
10769,Eve,39.0,Other,New York,Home Appliances,836,2020-01-01 11:00:00,310.0325315317944,PayPal,4.0,,2346.345641696344,86,Yes,No,VIP,In-store,0
16949,John,58.0,Male,Houston,Toys,645,2020-01-01 12:00:00,360.925199708651,PayPal,5.0,Average,4178.94523654391,90,No,No,VIP,Online,0
12433,John,22.0,Female,Houston,Clothing,335,2020-01-01 13:00:00,214.207039705786,Credit Card,3.0,,1697.167684627304,52,No,Yes,Regular,Online,1
15311,Charlie,59.0,Male,San Francisco,Electronics,562,2020-01-01 14:00:00,381.0748303148845,Cash,,,3851.796962789508,27,Yes,Yes,New,In-store,1
15051,Eve,40.0,Male,New York,Toys,327,2020-01-01 15:00:00,121.2306366758261,Credit Card,2.0,Excellent,835.9148928477689,6,Yes,No,New,Online,1
16420,Alice,34.0,Female,San Francisco,Toys,799,2020-01-01 16:00:00,118.4255296224302,Cash,5.0,Average,1677.421471373182,59,No,No,Regular,In-store,0
11184,John,29.0,Other,Houston,Electronics,924,2020-01-01 17:00:00,89.09432396691123,PayPal,4.0,,935.0825358214901,13,No,No,New,Online,1
14555,Charlie,40.0,Female,Houston,Toys,582,2020-01-01 18:00:00,192.2774322966893,PayPal,1.0,Good,1798.198824137643,26,No,No,New,Both,1
13385,Eve,33.0,Other,Chicago,Home Appliances,529,2020-01-01 19:00:00,425.0358973406509,Bank Transfer,4.0,,5765.195187242348,64,Yes,Yes,Regular,In-store,1
16396,Eve,20.0,Other,San Francisco,Toys,121,2020-01-01 20:00:00,415.6769104530415,PayPal,4.0,,5266.273975383519,13,No,No,New,In-store,1
18666,Alice,47.0,Female,San Francisco,Home Appliances,442,2020-01-01 21:00:00,197.5838619021169,Cash,5.0,,2890.166581131101,47,Yes,Yes,Regular,Online,1
19274,Charlie,39.0,Male,New York,Clothing,139,2020-01-01 22:00:00,298.6681806303159,Credit Card,,Average,3043.604415047283,55,Yes,No,Regular,In-store,0
12558,Eve,26.0,Female,New York,Clothing,272,2020-01-01 23:00:00,363.1999950727086,Bank Transfer,4.0,Good,2256.03310034553,49,No,Yes,Regular,Online,1
17849,John,46.0,Other,Chicago,Books,538,2020-01-02 00:00:00,128.1913195677313,Cash,3.0,Excellent,735.278550815486,19,No,No,New,Both,1
12047,Alice,64.0,Female,Los Angeles,Home Appliances,278,2020-01-02 01:00:00,92.38913208842607,Credit Card,5.0,Excellent,543.468568156659,21,No,No,New,Both,1
12747,Charlie,54.0,Female,Los Angeles,Clothing,697,2020-01-02 02:00:00,486.3270366740324,Credit Card,5.0,,4754.768461677678,72,Yes,No,Regular,Online,0
19167,Alice,40.0,Other,Los Angeles,Toys,232,2020-01-02 03:00:00,312.6030834727131,Credit Card,2.0,,2249.468722858803,99,No,Yes,VIP,Both,1
19998,John,30.0,Male,San Francisco,Electronics,450,2020-01-02 04:00:00,490.8937036984953,PayPal,1.0,,2747.830335053543,72,Yes,Yes,Regular,Online,1
10189,Charlie,49.0,Female,San Francisco,Electronics,624,2020-01-02 05:00:00,175.5004336947923,Credit Card,5.0,,1407.517990179504,30,No,No,New,In-store,0
12734,Alice,63.0,Other,Houston,Home Appliances,639,2020-01-02 06:00:00,354.4855329873245,PayPal,5.0,Excellent,3168.135404704659,40,No,No,New,Online,0
13005,Bob,69.0,Other,San Francisco,Books,605,2020-01-02 07:00:00,119.0757819052065,Credit Card,3.0,,1321.652324186231,72,No,No,Regular,Both,0
14658,John,64.0,Female,San Francisco,Toys,183,2020-01-02 08:00:00,137.9880839242173,Credit Card,5.0,,1218.877169740629,86,Yes,No,VIP,In-store,0
11899,John,65.0,Male,San Francisco,Home Appliances,563,2020-01-02 09:00:00,260.8320394221157,PayPal,4.0,Good,3808.951749358179,76,No,No,Regular,In-store,0
17734,,40.0,Female,Chicago,Electronics,929,2020-01-02 10:00:00,166.6128814989549,PayPal,,Good,1962.597818205131,79,No,No,Regular,Online,0
11267,Bob,62.0,Male,San Francisco,Home Appliances,960,2020-01-02 11:00:00,92.13456628188639,Cash,2.0,Average,770.6896449717811,43,No,No,Regular,Online,0
11528,Bob,34.0,Male,New York,Toys,442,2020-01-02 12:00:00,138.8115439747697,Credit Card,4.0,Good,1081.051860354713,57,No,No,Regular,In-store,0
13556,Eve,57.0,Male,New York,Clothing,379,2020-01-02 13:00:00,27.51671328827367,PayPal,5.0,,353.7618249091465,6,No,No,New,In-store,1
13890,Alice,38.0,Male,Houston,Toys,965,2020-01-02 14:00:00,355.1675745239684,Cash,1.0,Good,4042.114034003081,43,No,No,Regular,Online,0
18838,Eve,19.0,Female,Chicago,Clothing,362,2020-01-02 15:00:00,251.1371619720722,Cash,5.0,Excellent,1284.899298753037,91,No,No,VIP,In-store,0
15393,Alice,54.0,Other,New York,Clothing,265,2020-01-02 16:00:00,56.17910253821756,PayPal,2.0,Excellent,805.5470186365926,11,Yes,No,New,In-store,1
18792,Bob,23.0,Other,Chicago,Clothing,392,2020-01-02 17:00:00,94.13005663296069,Credit Card,1.0,,1332.128835211722,6,No,Yes,New,In-store,1
18433,Bob,61.0,Other,Chicago,Home Appliances,608,2020-01-02 18:00:00,60.24192367519557,Cash,3.0,Good,823.1837966243362,70,Yes,Yes,Regular,Online,1
17513,Eve,35.0,Other,Houston,Electronics,679,2020-01-02 19:00:00,310.1704760551794,Credit Card,3.0,,3906.989062722836,75,No,No,Regular,Both,0
12612,Charlie,47.0,Other,Chicago,Home Appliances,325,2020-01-02 20:00:00,,Credit Card,5.0,Excellent,,20,No,Yes,New,In-store,1
17041,Eve,39.0,Other,San Francisco,Electronics,269,2020-01-02 21:00:00,379.5983431872559,Cash,5.0,Good,3151.53226652997,64,Yes,No,Regular,In-store,0
19555,Alice,50.0,Female,Chicago,Toys,697,2020-01-02 22:00:00,20.05035046699167,PayPal,1.0,,245.7658485823528,62,No,Yes,Regular,Online,1
16235,Eve,47.0,Male,Houston,Books,744,2020-01-02 23:00:00,,Credit Card,1.0,,,27,Yes,No,New,Both,0
15486,,34.0,Other,Houston,Toys,547,2020-01-03 00:00:00,446.4266711870345,Bank Transfer,5.0,,3628.559226985717,7,No,No,New,In-store,1
17099,Alice,60.0,Female,Houston,Home Appliances,789,2020-01-03 01:00:00,,PayPal,2.0,Excellent,,3,No,No,New,Online,1
19670,Alice,49.0,Other,New York,Home Appliances,954,2020-01-03 02:00:00,45.75448313358698,Cash,3.0,,598.2535250543268,3,No,No,New,In-store,1
10775,Charlie,59.0,Other,San Francisco,Electronics,601,2020-01-03 03:00:00,412.3517911977381,Bank Transfer,1.0,Good,2371.915699291731,95,Yes,No,VIP,Online,0
18226,Bob,68.0,Male,New York,Home Appliances,863,2020-01-03 04:00:00,251.5872095547003,Credit Card,2.0,Good,2304.20705281608,14,No,Yes,New,Online,1
13152,Alice,31.0,Male,Los Angeles,Clothing,626,2020-01-03 05:00:00,424.9236833127263,PayPal,5.0,,3115.049254940304,18,Yes,No,New,Online,1
11585,Bob,27.0,Male,San Francisco,Home Appliances,834,2020-01-03 06:00:00,304.3624894806928,Bank Transfer,4.0,,3325.093444456805,94,No,No,VIP,In-store,0
13943,Eve,64.0,Other,Chicago,Electronics,478,2020-01-03 07:00:00,344.0981856961008,PayPal,1.0,Average,2779.99013588214,26,No,No,New,Online,1
17555,John,68.0,Other,Houston,Electronics,300,2020-01-03 08:00:00,496.815764593897,Credit Card,4.0,Excellent,6014.880532392548,47,Yes,No,Regular,Both,0
13073,Charlie,53.0,Other,Los Angeles,Clothing,718,2020-01-03 09:00:00,123.8444175027689,PayPal,,,1832.770292769425,34,No,No,New,Both,0
11021,Bob,51.0,Male,San Francisco,Electronics,349,2020-01-03 10:00:00,315.7333316330803,Bank Transfer,3.0,Average,3912.298691794201,47,No,No,Regular,Online,0
13843,Alice,26.0,Female,New York,Books,508,2020-01-03 11:00:00,235.5574811281252,PayPal,2.0,,2200.461771766355,31,No,No,New,Online,0
17989,Bob,,Other,Houston,Toys,700,2020-01-03 12:00:00,29.3314569321188,Cash,3.0,,357.0104085353868,58,No,No,Regular,Online,0
19692,Alice,45.0,Other,New York,Home Appliances,224,2020-01-03 13:00:00,,Cash,2.0,Bad,,37,No,No,New,In-store,0
16873,Bob,28.0,Other,San Francisco,Books,212,2020-01-03 14:00:00,68.42200313075075,Bank Transfer,1.0,Average,624.7811483614095,76,Yes,No,Regular,Online,0
15675,,31.0,Female,San Francisco,Home Appliances,236,2020-01-03 15:00:00,328.0549528638886,PayPal,1.0,,4732.590863229367,5,No,Yes,New,In-store,1
10161,,56.0,Other,Los Angeles,Books,858,2020-01-03 16:00:00,287.9099130775622,Bank Transfer,4.0,,1517.443283183921,74,No,No,Regular,Both,0
14297,Alice,64.0,Female,Chicago,Home Appliances,595,2020-01-03 17:00:00,281.1804849702264,PayPal,2.0,Good,2694.205988314111,21,No,No,New,Online,1
10995,Alice,,Other,New York,Clothing,777,2020-01-03 18:00:00,25.60981363884744,Credit Card,2.0,,298.6508471732955,33,Yes,No,New,In-store,0
17629,John,32.0,Female,Los Angeles,Electronics,249,2020-01-03 19:00:00,239.9584682164034,Cash,,Excellent,1743.820277495153,48,Yes,No,Regular,Both,0
19467,Alice,45.0,Other,Houston,Electronics,974,2020-01-03 20:00:00,463.065180742839,Credit Card,,,3529.186763092683,62,No,No,Regular,In-store,0
11016,John,41.0,Male,Chicago,Clothing,442,2020-01-03 21:00:00,204.8200159622168,PayPal,2.0,,1567.613501686482,32,No,No,New,Online,0
17869,Charlie,,Male,Los Angeles,Books,679,2020-01-03 22:00:00,316.2120101963436,Credit Card,2.0,,2832.378887833206,84,No,No,VIP,Online,0
16439,John,60.0,Male,New York,Toys,832,2020-01-03 23:00:00,392.1111510553403,Bank Transfer,2.0,,5072.60099793958,89,Yes,No,VIP,In-store,0
17892,Eve,26.0,Male,San Francisco,Books,882,2020-01-04 00:00:00,394.1233867795249,Bank Transfer,5.0,Bad,5736.755645199833,77,No,No,Regular,Online,0
16863,John,64.0,Other,Houston,Electronics,420,2020-01-04 01:00:00,264.447240373683,PayPal,1.0,Excellent,2500.755918415129,53,No,No,Regular,Online,0
17916,Charlie,50.0,Male,New York,Toys,921,2020-01-04 02:00:00,430.3964532471448,Cash,4.0,Average,2152.285464425861,57,No,Yes,Regular,Online,1
18529,Eve,,Female,Chicago,Home Appliances,960,2020-01-04 03:00:00,201.775265748236,Bank Transfer,5.0,Average,2955.454448743421,27,Yes,No,New,Online,0
10878,Bob,36.0,Male,Chicago,Toys,631,2020-01-04 04:00:00,445.4596752445512,Cash,3.0,Excellent,4751.315039904985,84,No,Yes,VIP,In-store,1
19268,Bob,20.0,Male,San Francisco,Books,388,2020-01-04 05:00:00,127.7113115338172,PayPal,,Excellent,973.9548238002793,43,No,No,Regular,Online,0
14887,John,27.0,Male,San Francisco,Clothing,588,2020-01-04 06:00:00,147.3060394253798,Cash,5.0,Good,934.9120662877558,43,Yes,No,Regular,Online,0
14859,John,57.0,Other,Houston,Home Appliances,591,2020-01-04 07:00:00,36.02910585751054,PayPal,5.0,,268.3336935616219,15,Yes,No,New,In-store,1
16331,Charlie,64.0,Male,Houston,Books,711,2020-01-04 08:00:00,,Credit Card,1.0,Excellent,,25,No,No,New,Online,1
18571,Charlie,59.0,Female,San Francisco,Home Appliances,351,2020-01-04 09:00:00,214.3570657540257,PayPal,3.0,,2690.086629131007,12,Yes,No,New,In-store,1
18684,Alice,18.0,Male,San Francisco,Toys,176,2020-01-04 10:00:00,122.2671408165855,Credit Card,4.0,Good,1451.933039943113,34,No,Yes,New,Both,1
17208,Charlie,46.0,Male,Chicago,Electronics,746,2020-01-04 11:00:00,123.577236032124,PayPal,2.0,Bad,875.8737868360156,90,Yes,No,VIP,Online,0
15276,Alice,67.0,Male,San Francisco,Books,491,2020-01-04 12:00:00,451.6859712023243,Bank Transfer,2.0,,4717.619120999543,53,No,No,Regular,Both,0
12062,Eve,51.0,Female,Los Angeles,Clothing,511,2020-01-04 13:00:00,418.6191342259081,Bank Transfer,,,3388.744919808574,18,Yes,No,New,Online,1
10064,John,68.0,Male,New York,Toys,272,2020-01-04 14:00:00,281.2301338250198,Cash,1.0,Bad,2987.126736484649,65,No,Yes,Regular,Online,1
18006,Eve,30.0,Female,San Francisco,Books,974,2020-01-04 15:00:00,311.8942922037033,PayPal,3.0,Good,2940.529963084663,48,No,No,Regular,In-store,0
12568,Charlie,18.0,Female,Houston,Clothing,300,2020-01-04 16:00:00,242.4195295696426,PayPal,4.0,,1396.31904270048,65,No,No,Regular,Online,0
15463,Eve,51.0,Male,Los Angeles,Books,316,2020-01-04 17:00:00,201.9166060106163,PayPal,4.0,Average,1426.734366458731,22,Yes,No,New,Online,1
12027,Eve,46.0,Female,Houston,Toys,475,2020-01-04 18:00:00,458.5836717969824,Cash,5.0,Bad,4656.697558920294,70,No,No,Regular,Online,0
12695,Eve,65.0,Other,Los Angeles,Books,819,2020-01-04 19:00:00,71.55022472494801,Bank Transfer,1.0,Bad,701.3013408963617,36,No,No,New,In-store,0
19687,Charlie,64.0,Male,San Francisco,Home Appliances,685,2020-01-04 20:00:00,215.0389269609517,PayPal,2.0,Excellent,1613.475802896593,11,No,No,New,In-store,1
15258,Eve,30.0,Male,New York,Toys,110,2020-01-04 21:00:00,178.8353349140589,Cash,,Good,2540.276140636718,94,Yes,No,VIP,Online,0
15618,Alice,65.0,Female,Houston,Books,898,2020-01-04 22:00:00,254.0938529230627,PayPal,3.0,Average,3259.346581147377,42,No,No,Regular,In-store,0
16736,Charlie,66.0,Female,Los Angeles,Electronics,867,2020-01-04 23:00:00,234.2396185271358,Credit Card,2.0,,2462.567161057485,95,No,No,VIP,Online,0
10391,Eve,,Male,Chicago,Books,111,2020-01-05 00:00:00,,PayPal,4.0,Excellent,,25,No,Yes,New,In-store,1
15892,Charlie,56.0,Other,San Francisco,Home Appliances,991,2020-01-05 01:00:00,78.56029884122711,Credit Card,,,460.2822114658624,99,No,No,VIP,Online,0
13561,Bob,,Female,New York,Clothing,689,2020-01-05 02:00:00,261.4393357415058,Cash,1.0,,1730.321795767343,35,No,No,New,Online,0
16184,Alice,43.0,Female,San Francisco,Clothing,534,2020-01-05 03:00:00,128.7852188047333,Cash,,Average,899.2928721016641,74,No,No,Regular,Online,0
13099,Eve,34.0,Other,Chicago,Clothing,783,2020-01-05 04:00:00,100.3223610042137,Bank Transfer,2.0,Good,1392.456200425119,55,No,No,Regular,Online,0
16278,Bob,24.0,Other,New York,Electronics,707,2020-01-05 05:00:00,41.7687672052337,PayPal,,,285.3425283102846,13,Yes,No,New,Both,1
18392,Bob,30.0,Male,Chicago,Home Appliances,917,2020-01-05 06:00:00,383.699753790509,Cash,5.0,Bad,5533.955726935075,57,No,No,Regular,Online,0
13104,Charlie,22.0,Other,San Francisco,Toys,472,2020-01-05 07:00:00,219.4465412197144,Bank Transfer,5.0,Excellent,3107.949506415686,67,No,No,Regular,In-store,0
17215,,43.0,Male,Los Angeles,Clothing,372,2020-01-05 08:00:00,317.0554048227616,PayPal,2.0,Good,2279.820434803248,4,No,No,New,In-store,1
12454,Alice,66.0,Other,San Francisco,Home Appliances,996,2020-01-05 09:00:00,366.5207382193242,Cash,2.0,,5168.701139417696,93,No,No,VIP,Both,0
18996,Alice,20.0,Female,San Francisco,Books,790,2020-01-05 10:00:00,342.8651660036412,Credit Card,2.0,Average,4377.018480942739,84,Yes,No,VIP,Online,0
12731,John,24.0,Male,San Francisco,Electronics,675,2020-01-05 11:00:00,,Cash,4.0,,,78,No,No,Regular,Online,0
18154,Alice,66.0,Male,Houston,Home Appliances,608,2020-01-05 12:00:00,200.0702791863476,Credit Card,2.0,,1307.737209328446,46,No,No,Regular,In-store,0
19762,Bob,56.0,Male,Chicago,Home Appliances,231,2020-01-05 13:00:00,194.2203557239252,Bank Transfer,5.0,Average,2174.557957651648,70,No,No,Regular,In-store,0
15056,Alice,18.0,Other,Chicago,Toys,954,2020-01-05 14:00:00,323.6239104957276,Bank Transfer,2.0,,4571.90253506231,46,No,Yes,Regular,Both,1
18110,Charlie,66.0,Female,Chicago,Home Appliances,883,2020-01-05 15:00:00,252.449233921518,PayPal,,Excellent,3513.346248478508,100,No,No,VIP,Both,0
13840,John,34.0,Male,Houston,Toys,418,2020-01-05 16:00:00,426.0748015143702,PayPal,5.0,Bad,4520.555046553161,82,No,No,VIP,In-store,0
11028,Bob,60.0,Male,Los Angeles,Electronics,943,2020-01-05 17:00:00,438.6039723200889,PayPal,3.0,Bad,4998.749282428723,99,No,No,VIP,Online,0
17385,John,42.0,Male,San Francisco,Electronics,952,2020-01-05 18:00:00,93.57458522319405,Bank Transfer,5.0,Average,818.2111854189478,49,No,No,Regular,In-store,0
10502,Bob,20.0,Male,Los Angeles,Books,720,2020-01-05 19:00:00,76.75448925740557,Credit Card,1.0,Bad,503.3479972226863,70,Yes,No,Regular,In-store,0
16910,Charlie,32.0,Female,Houston,Toys,884,2020-01-05 20:00:00,318.8964537576397,PayPal,5.0,Excellent,1849.611031473014,12,No,Yes,New,In-store,1
19062,John,46.0,Other,Chicago,Toys,267,2020-01-05 21:00:00,157.6006165505169,PayPal,5.0,Average,1504.052297652902,47,No,No,Regular,Both,0
16938,Eve,60.0,Female,San Francisco,Clothing,496,2020-01-05 22:00:00,,Bank Transfer,3.0,,,74,Yes,No,Regular,Online,0
14488,Bob,49.0,Male,New York,Clothing,279,2020-01-05 23:00:00,445.434907987848,Credit Card,3.0,Good,5691.49865679579,48,No,No,Regular,Both,0
10206,Eve,43.0,Female,New York,Books,157,2020-01-06 00:00:00,121.181375949466,Cash,5.0,,1287.424941226256,43,No,No,Regular,Online,0
15134,John,33.0,Male,Los Angeles,Electronics,579,2020-01-06 01:00:00,465.3475193260464,PayPal,5.0,,5970.454516002364,7,No,No,New,Online,1
15977,Eve,42.0,Other,Chicago,Clothing,690,2020-01-06 02:00:00,361.5428809303443,Cash,4.0,Average,3896.148762114895,17,Yes,No,New,Online,1
17721,,45.0,Other,New York,Home Appliances,559,2020-01-06 03:00:00,,Cash,1.0,,,89,Yes,Yes,VIP,Online,1
17035,John,26.0,Other,Los Angeles,Electronics,160,2020-01-06 04:00:00,108.7161329386486,PayPal,1.0,,919.0180788233882,55,Yes,No,Regular,Both,0
11484,Charlie,18.0,Male,Houston,Home Appliances,468,2020-01-06 05:00:00,124.7552685522383,Bank Transfer,,Bad,659.5807030732545,26,Yes,No,New,Both,1
17858,Eve,46.0,Female,Los Angeles,Toys,220,2020-01-06 06:00:00,265.4211993737922,PayPal,5.0,,2371.628560844623,81,No,No,VIP,Online,0
10863,Eve,39.0,Other,Los Angeles,Electronics,818,2020-01-06 07:00:00,94.32892779843246,Credit Card,5.0,Excellent,501.8963045436755,12,No,No,New,Online,1
12790,Charlie,33.0,Male,Los Angeles,Books,645,2020-01-06 08:00:00,159.6615294146858,Credit Card,5.0,,1296.779220653516,27,Yes,No,New,In-store,0
17408,Eve,58.0,Male,San Francisco,Toys,681,2020-01-06 09:00:00,167.5166141944242,PayPal,5.0,Good,1217.378272877159,53,No,No,Regular,Online,0
18755,Eve,68.0,Female,Los Angeles,Toys,116,2020-01-06 10:00:00,88.21866729385441,Cash,1.0,,558.216556005487,56,No,No,Regular,Online,0
15116,Eve,61.0,Other,Los Angeles,Home Appliances,595,2020-01-06 11:00:00,110.5395883636288,Credit Card,3.0,,1379.599176268443,61,Yes,No,Regular,Online,0
16019,Alice,68.0,Male,San Francisco,Toys,596,2020-01-06 12:00:00,396.3904025840457,Credit Card,4.0,Bad,3676.200000778768,96,Yes,No,VIP,In-store,0
11757,Charlie,58.0,Female,San Francisco,Clothing,604,2020-01-06 13:00:00,91.92596872816151,PayPal,3.0,Average,1027.770982839553,76,No,Yes,Regular,Online,1
17574,Eve,24.0,Other,Houston,Electronics,631,2020-01-06 14:00:00,23.94412200352202,PayPal,3.0,,284.1455006230518,64,No,No,Regular,Online,0
16374,Charlie,31.0,Female,Chicago,Clothing,414,2020-01-06 15:00:00,318.3839218881798,Bank Transfer,1.0,Good,2195.55133055759,30,No,Yes,New,Online,1
16892,Bob,46.0,Female,New York,Home Appliances,168,2020-01-06 16:00:00,488.2317285023005,PayPal,4.0,Bad,2865.942311447749,96,Yes,No,VIP,Online,0
11678,Bob,36.0,Male,New York,Home Appliances,826,2020-01-06 17:00:00,172.2947691653295,PayPal,5.0,,1930.369543686237,42,Yes,No,Regular,In-store,0
13242,,36.0,Male,Los Angeles,Electronics,260,2020-01-06 18:00:00,68.14129456616362,Credit Card,1.0,,934.5529993310881,14,No,No,New,Online,1
14636,Charlie,19.0,Male,Houston,Toys,713,2020-01-06 19:00:00,289.4897894300901,Credit Card,1.0,Bad,1749.484847428621,2,No,No,New,Online,1
11059,Charlie,58.0,Female,Los Angeles,Books,987,2020-01-06 20:00:00,454.1135634368666,Credit Card,4.0,Good,3618.043765772864,91,Yes,No,VIP,Online,0
16668,,62.0,Male,New York,Home Appliances,817,2020-01-06 21:00:00,394.1902721159546,Cash,2.0,Average,2322.205401575973,14,Yes,No,New,In-store,1
19914,Alice,32.0,Female,San Francisco,Electronics,244,2020-01-06 22:00:00,315.0327755222308,Credit Card,1.0,Bad,4608.544433686556,63,Yes,Yes,Regular,Online,1
13157,Bob,,Female,Chicago,Books,668,2020-01-06 23:00:00,164.3776833377237,Credit Card,,Bad,2421.394013891104,2,No,No,New,Both,1
15915,Charlie,28.0,Male,Houston,Toys,694,2020-01-07 00:00:00,275.5212849053478,PayPal,3.0,Bad,3992.291473788482,76,No,No,Regular,Both,0
19789,Charlie,63.0,Other,San Francisco,Home Appliances,484,2020-01-07 01:00:00,54.70997223908513,Bank Transfer,5.0,,593.2672150547482,73,No,No,Regular,Online,0
12693,Alice,47.0,Other,Chicago,Electronics,368,2020-01-07 02:00:00,342.6832578975283,Credit Card,1.0,Bad,1937.348127728586,73,No,Yes,Regular,Online,1
13627,Alice,57.0,Other,Houston,Electronics,553,2020-01-07 03:00:00,,Bank Transfer,5.0,Bad,,98,Yes,No,VIP,Online,0
19555,Charlie,35.0,Female,Houston,Electronics,798,2020-01-07 04:00:00,482.8654952258602,Credit Card,1.0,Excellent,5129.293056344911,47,No,No,Regular,In-store,0
15450,John,68.0,Female,New York,Home Appliances,617,2020-01-07 05:00:00,137.5947057850851,Credit Card,4.0,,858.5897043318993,24,No,Yes,New,In-store,1
11663,Charlie,65.0,Female,San Francisco,Books,964,2020-01-07 06:00:00,19.04364533108109,Bank Transfer,1.0,Bad,219.88639163687,97,No,No,VIP,In-store,0
19721,Charlie,,Male,Houston,Electronics,449,2020-01-07 07:00:00,277.3481475693038,PayPal,2.0,Bad,1809.536327909498,87,Yes,No,VIP,In-store,0
15592,Alice,49.0,Female,Houston,Toys,209,2020-01-07 08:00:00,356.3273471544391,Credit Card,3.0,,3063.897009596424,26,No,No,New,Online,1
17392,Alice,25.0,Male,Chicago,Electronics,582,2020-01-07 09:00:00,397.2996631826641,Bank Transfer,4.0,Good,4288.871062055778,72,No,No,Regular,Online,0
11306,Charlie,39.0,Male,New York,Books,506,2020-01-07 10:00:00,104.9320771821572,Credit Card,3.0,,755.7429663200523,61,Yes,Yes,Regular,In-store,1
16776,Charlie,23.0,Other,Los Angeles,Home Appliances,749,2020-01-07 11:00:00,138.2589058281416,Cash,5.0,Excellent,1878.066679750501,77,No,No,Regular,Online,0
15864,Charlie,29.0,Other,New York,Electronics,150,2020-01-07 12:00:00,261.1695533809752,Cash,4.0,,3361.685748278192,80,No,No,Regular,Online,0
19474,Alice,64.0,Other,Los Angeles,Electronics,502,2020-01-07 13:00:00,171.9943968853009,Cash,2.0,,1421.121564872605,21,No,No,New,In-store,1
17526,Charlie,57.0,Male,San Francisco,Toys,662,2020-01-07 14:00:00,431.6506284278481,Cash,3.0,,2655.268816117828,64,Yes,No,Regular,Online,0
18901,Charlie,53.0,Male,San Francisco,Toys,575,2020-01-07 15:00:00,242.1424753319729,PayPal,1.0,Good,2006.985860995424,16,No,No,New,Online,1
15575,Eve,32.0,Male,Houston,Electronics,186,2020-01-07 16:00:00,401.7935356099815,Cash,1.0,Excellent,5951.143461759231,25,No,No,New,In-store,1
15530,John,45.0,Female,San Francisco,Electronics,167,2020-01-07 17:00:00,294.5036826363533,Bank Transfer,1.0,Bad,3951.101357768769,5,No,No,New,In-store,1
14413,Bob,69.0,Male,Houston,Toys,695,2020-01-07 18:00:00,388.8141693923849,Credit Card,4.0,,5172.314510995796,93,No,No,VIP,In-store,0
13748,John,66.0,Other,New York,Books,141,2020-01-07 19:00:00,173.0097633998587,Bank Transfer,2.0,,2051.994097754838,70,No,No,Regular,Online,0
10663,Eve,62.0,Other,San Francisco,Clothing,830,2020-01-07 20:00:00,417.3941447458525,Cash,2.0,Average,2988.132030095687,90,No,Yes,VIP,In-store,1
11998,,,Male,New York,Clothing,156,2020-01-07 21:00:00,,PayPal,2.0,Good,,40,Yes,Yes,New,In-store,1
17994,Charlie,19.0,Male,New York,Electronics,837,2020-01-07 22:00:00,277.5884159216125,Cash,3.0,Average,2357.268219824889,94,No,No,VIP,In-store,0
11495,Eve,30.0,Other,San Francisco,Toys,295,2020-01-07 23:00:00,114.8634854551984,Cash,4.0,Average,1309.104811641177,87,No,No,VIP,Online,0
13304,Charlie,62.0,Male,New York,Home Appliances,859,2020-01-08 00:00:00,243.0079955968347,PayPal,1.0,Good,1711.84946787122,40,Yes,Yes,New,Online,1
13763,Alice,32.0,Other,San Francisco,Home Appliances,777,2020-01-08 01:00:00,,PayPal,3.0,Average,,25,No,No,New,Online,1
15232,Eve,37.0,Female,San Francisco,Clothing,161,2020-01-08 02:00:00,140.684681012235,PayPal,2.0,,1486.362734982602,5,Yes,No,New,In-store,1
11853,Alice,46.0,Other,San Francisco,Books,362,2020-01-08 03:00:00,483.8226588337384,PayPal,1.0,,4402.19226165675,37,No,No,New,In-store,0
16585,Eve,59.0,Female,Los Angeles,Clothing,211,2020-01-08 04:00:00,,PayPal,4.0,Excellent,,47,Yes,No,Regular,In-store,0
11291,Eve,,Male,New York,Electronics,864,2020-01-08 05:00:00,395.7896603541237,PayPal,5.0,,3443.486822353968,16,No,No,New,In-store,1
13581,Alice,20.0,Male,Chicago,Books,810,2020-01-08 06:00:00,492.2408301467753,Credit Card,2.0,,2719.640615843395,82,No,No,VIP,In-store,0
17554,Bob,36.0,Female,San Francisco,Home Appliances,277,2020-01-08 07:00:00,19.75172703263814,Cash,,Excellent,266.8948344673441,63,No,Yes,Regular,Online,1
17280,John,20.0,Male,New York,Toys,125,2020-01-08 08:00:00,352.5234328806266,Cash,2.0,Excellent,2031.428383360504,63,No,No,Regular,In-store,0
11636,Charlie,31.0,Female,Houston,Toys,509,2020-01-08 09:00:00,133.9267847225807,PayPal,2.0,,899.6440694086302,25,No,No,New,Both,1
13696,Eve,57.0,Male,San Francisco,Electronics,857,2020-01-08 10:00:00,29.83903392086918,Bank Transfer,1.0,Average,179.7586119890185,5,No,Yes,New,Online,1
10698,Charlie,21.0,Other,San Francisco,Clothing,630,2020-01-08 11:00:00,207.4158936887491,PayPal,4.0,Average,2893.120241080092,17,Yes,No,New,Online,1
14737,Alice,69.0,Male,Chicago,Electronics,876,2020-01-08 12:00:00,468.2567269837288,Credit Card,3.0,Average,4299.181088638362,20,Yes,No,New,In-store,1
10854,Charlie,,Other,Los Angeles,Toys,416,2020-01-08 13:00:00,15.76489623982887,Bank Transfer,1.0,Average,176.3884371858341,34,No,No,New,Online,0
18164,Alice,48.0,Other,Los Angeles,Home Appliances,631,2020-01-08 14:00:00,298.063989045593,Credit Card,4.0,,4164.851502064546,96,No,No,VIP,Online,0
15855,Charlie,60.0,Female,San Francisco,Toys,205,2020-01-08 15:00:00,255.6842745117089,Bank Transfer,,Average,3329.504470815543,62,No,No,Regular,Online,0
17392,John,49.0,Male,New York,Books,848,2020-01-08 16:00:00,437.9582405418133,Bank Transfer,2.0,,4409.871313295869,68,No,No,Regular,Both,0
16528,John,44.0,Female,Houston,Toys,917,2020-01-08 17:00:00,51.16084011510657,PayPal,4.0,Excellent,312.8834317912039,28,No,No,New,In-store,0
15249,,47.0,Male,Houston,Toys,563,2020-01-08 18:00:00,343.9477546444587,Credit Card,,,3648.234755002237,60,No,No,Regular,In-store,0
15172,John,60.0,Other,New York,Books,345,2020-01-08 19:00:00,343.2537522323059,Bank Transfer,4.0,Average,3932.412171405968,15,No,Yes,New,Online,1
11707,John,19.0,Other,San Francisco,Clothing,180,2020-01-08 20:00:00,337.8492082625188,Credit Card,5.0,,4544.825173313749,46,Yes,No,Regular,Online,0
15791,John,66.0,Male,Houston,Toys,761,2020-01-08 21:00:00,471.7439025181681,PayPal,2.0,,6912.225661301793,61,No,Yes,Regular,Online,1
19925,Alice,26.0,Male,Los Angeles,Electronics,495,2020-01-08 22:00:00,,PayPal,2.0,Excellent,,24,No,Yes,New,Online,1
15535,Eve,45.0,Female,New York,Toys,621,2020-01-08 23:00:00,30.56663585931794,PayPal,2.0,,271.5847785711507,97,No,No,VIP,Both,0
14931,Charlie,48.0,Male,Chicago,Electronics,932,2020-01-09 00:00:00,240.8305968452115,PayPal,1.0,,2225.631858514406,42,No,No,Regular,In-store,0
13510,John,51.0,Male,San Francisco,Books,835,2020-01-09 01:00:00,204.9969975386534,Cash,3.0,,1085.474362475344,77,No,Yes,Regular,In-store,1
10202,,32.0,Male,New York,Toys,363,2020-01-09 02:00:00,161.972138334493,Bank Transfer,2.0,Average,1503.082001534935,17,Yes,No,New,Online,1
14218,Alice,65.0,Female,Houston,Books,760,2020-01-09 03:00:00,231.1549953255077,Cash,2.0,,1882.658343768021,3,No,No,New,Both,1
18958,Alice,42.0,Male,San Francisco,Books,889,2020-01-09 04:00:00,198.2551506137289,PayPal,1.0,,1984.336219210815,50,Yes,Yes,Regular,Online,1
14389,Eve,53.0,Other,Los Angeles,Clothing,373,2020-01-09 05:00:00,221.843610940546,Bank Transfer,1.0,Excellent,2072.763917497514,83,No,No,VIP,In-store,0
12327,Charlie,25.0,Female,San Francisco,Toys,805,2020-01-09 06:00:00,,Bank Transfer,5.0,Good,,83,No,No,VIP,Online,0
18004,Eve,26.0,Female,San Francisco,Electronics,271,2020-01-09 07:00:00,53.43015762729458,Credit Card,4.0,Good,573.5984187007435,1,No,No,New,Online,1
12931,Bob,,Other,Los Angeles,Electronics,364,2020-01-09 08:00:00,461.8931262209776,PayPal,2.0,,5351.848188764528,48,No,No,Regular,Online,0
17777,Alice,65.0,Other,Los Angeles,Toys,921,2020-01-09 09:00:00,245.3159896008031,Cash,4.0,Bad,2892.107675708663,99,No,No,VIP,In-store,0
10197,Bob,62.0,Other,San Francisco,Clothing,125,2020-01-09 10:00:00,315.6337002947752,Credit Card,1.0,Good,3678.01784125043,24,No,No,New,Online,1
17125,John,56.0,Male,Los Angeles,Clothing,568,2020-01-09 11:00:00,416.78965364267,Bank Transfer,1.0,,2578.820498436415,70,No,No,Regular,Online,0
11930,John,49.0,Other,New York,Clothing,961,2020-01-09 12:00:00,186.6268842831352,Cash,5.0,Average,1665.624220291454,93,No,No,VIP,Both,0
16287,Eve,69.0,Male,Los Angeles,Electronics,575,2020-01-09 13:00:00,220.9067349631038,PayPal,3.0,,2812.663531701819,77,No,No,Regular,In-store,0
18800,Charlie,34.0,Female,Los Angeles,Books,455,2020-01-09 14:00:00,210.6640553365698,Cash,1.0,,1742.903038259647,16,No,No,New,Both,1
19339,Bob,,Female,San Francisco,Clothing,125,2020-01-09 15:00:00,193.6182010425223,Cash,2.0,Excellent,2898.613014800213,29,No,No,New,In-store,0
14282,Charlie,54.0,Other,New York,Electronics,133,2020-01-09 16:00:00,463.5093676069785,Cash,5.0,Good,4482.842037122352,8,No,No,New,Both,1
12511,Eve,36.0,Male,Chicago,Electronics,363,2020-01-09 17:00:00,416.1756466845759,Credit Card,3.0,,2351.51033533306,14,No,No,New,In-store,1
19986,John,61.0,Other,Chicago,Books,237,2020-01-09 18:00:00,,Bank Transfer,5.0,,,74,Yes,No,Regular,In-store,0
10659,Charlie,46.0,Other,Houston,Toys,915,2020-01-09 19:00:00,62.98044271377706,Cash,1.0,Average,351.1343782779604,76,No,No,Regular,Online,0
12811,Charlie,24.0,Male,Los Angeles,Toys,794,2020-01-09 20:00:00,,Bank Transfer,3.0,,,26,No,No,New,Online,1
17098,John,45.0,Other,Los Angeles,Clothing,974,2020-01-09 21:00:00,58.34211459907644,Credit Card,4.0,Average,632.7733941900981,48,No,No,Regular,Online,0
16546,Bob,26.0,Female,New York,Clothing,853,2020-01-09 22:00:00,313.3556166828486,PayPal,3.0,Excellent,4664.453939868753,42,No,No,Regular,Online,0
19561,John,45.0,Other,Chicago,Books,665,2020-01-09 23:00:00,80.40888755824962,PayPal,2.0,Bad,594.7252671409643,90,No,Yes,VIP,In-store,1
11986,Charlie,23.0,Male,Houston,Clothing,561,2020-01-10 00:00:00,265.9628993437325,Cash,4.0,Bad,2483.835273999517,14,No,No,New,In-store,1
18338,Bob,46.0,Male,New York,Books,267,2020-01-10 01:00:00,13.5377740318217,Credit Card,4.0,Good,118.5254530541748,57,No,No,Regular,Both,0
12911,Bob,34.0,Female,Los Angeles,Electronics,730,2020-01-10 02:00:00,165.1322107221969,PayPal,2.0,Bad,1469.232423570578,56,No,No,Regular,In-store,0
11734,John,33.0,Male,Chicago,Clothing,754,2020-01-10 03:00:00,341.8234545996012,Credit Card,4.0,,4440.112628470788,36,No,No,New,In-store,0
11843,Charlie,40.0,Male,Houston,Electronics,180,2020-01-10 04:00:00,247.1790807116457,Credit Card,1.0,,2557.87000749177,90,No,No,VIP,Online,0
18680,Eve,48.0,Female,San Francisco,Home Appliances,856,2020-01-10 05:00:00,489.3520481395042,Cash,3.0,,2795.646423914089,60,Yes,Yes,Regular,Both,1
12976,Charlie,20.0,Other,Chicago,Books,963,2020-01-10 06:00:00,438.3108600724433,Cash,3.0,,5582.15094381784,82,Yes,No,VIP,In-store,0
11959,Alice,38.0,Female,Houston,Home Appliances,969,2020-01-10 07:00:00,185.9446817311441,Credit Card,2.0,Bad,1397.244713884838,83,No,No,VIP,Online,0
15759,Eve,43.0,Other,New York,Clothing,506,2020-01-10 08:00:00,32.28840532141456,Credit Card,1.0,Bad,231.3307244833414,59,No,No,Regular,Both,0
16694,,53.0,Female,San Francisco,Electronics,673,2020-01-10 09:00:00,,Cash,4.0,,,36,No,No,New,In-store,0
12385,Eve,59.0,Other,Houston,Clothing,145,2020-01-10 10:00:00,456.504812054189,Credit Card,3.0,Good,5034.093788587214,50,No,No,Regular,In-store,0
14736,Bob,54.0,Female,Houston,Home Appliances,698,2020-01-10 11:00:00,412.107422775328,Cash,3.0,Good,2708.282907255317,70,No,Yes,Regular,In-store,1
11802,Bob,39.0,Other,Los Angeles,Clothing,710,2020-01-10 12:00:00,72.69547105068477,Bank Transfer,3.0,Bad,543.7576576084555,90,No,No,VIP,Both,0
18155,Eve,59.0,Female,Chicago,Toys,906,2020-01-10 13:00:00,498.978415862021,Credit Card,3.0,Bad,6138.297290671087,36,No,No,New,Online,0
18120,Bob,29.0,Other,Los Angeles,Home Appliances,152,2020-01-10 14:00:00,136.7062685608592,Cash,5.0,,1320.575608299539,98,No,No,VIP,In-store,0
16616,Bob,59.0,Female,San Francisco,Clothing,803,2020-01-10 15:00:00,364.8604072761013,Credit Card,2.0,Bad,3276.922917592282,14,No,No,New,Both,1
15534,Alice,30.0,Male,Houston,Electronics,575,2020-01-10 16:00:00,454.9370894045036,Cash,4.0,,6049.032214994975,77,Yes,Yes,Regular,Both,1
14061,Charlie,28.0,Other,Los Angeles,Clothing,691,2020-01-10 17:00:00,125.4866860220476,Credit Card,4.0,,1145.600685764703,69,Yes,No,Regular,Online,0
10262,Charlie,33.0,Female,Chicago,Electronics,115,2020-01-10 18:00:00,455.0466917917624,PayPal,2.0,,5042.90315355732,72,No,Yes,Regular,In-store,1
16287,Alice,25.0,Other,San Francisco,Toys,459,2020-01-10 19:00:00,161.6459738054848,PayPal,1.0,,1161.199959873066,36,No,No,New,Online,0
18815,Eve,57.0,Other,New York,Clothing,586,2020-01-10 20:00:00,488.4424789681875,Credit Card,2.0,,6963.530971500782,68,No,No,Regular,Online,0
19208,John,57.0,Female,Los Angeles,Toys,937,2020-01-10 21:00:00,147.8174099864326,PayPal,,Average,1731.156137046891,1,Yes,No,New,In-store,1
12049,John,62.0,Other,San Francisco,Home Appliances,805,2020-01-10 22:00:00,477.1835541313392,Credit Card,3.0,Bad,4676.802710916832,59,Yes,No,Regular,In-store,0
15423,John,19.0,Female,New York,Electronics,601,2020-01-10 23:00:00,36.23687893741071,Credit Card,2.0,,227.1614376358748,7,Yes,No,New,Online,1
14548,Alice,47.0,Male,Los Angeles,Home Appliances,240,2020-01-11 00:00:00,357.5432857182084,Bank Transfer,2.0,Good,3368.898283733748,75,No,No,Regular,Online,0
13108,Alice,47.0,Other,San Francisco,Electronics,719,2020-01-11 01:00:00,270.7344555801318,Bank Transfer,4.0,Good,3159.490545666618,22,No,No,New,In-store,1
17158,Bob,29.0,Male,San Francisco,Toys,914,2020-01-11 02:00:00,244.159767790138,PayPal,4.0,Excellent,1683.341487264987,12,No,Yes,New,In-store,1
17400,John,27.0,Other,Los Angeles,Books,876,2020-01-11 03:00:00,119.5122139853616,Bank Transfer,5.0,,1734.155983986537,5,Yes,No,New,Online,1
13170,Eve,61.0,Other,San Francisco,Clothing,546,2020-01-11 04:00:00,355.7419369904811,Bank Transfer,5.0,,3950.772283516515,81,No,No,VIP,In-store,0
19874,Eve,28.0,Other,Houston,Toys,389,2020-01-11 05:00:00,103.4966508086905,Credit Card,3.0,Bad,1131.359572613055,80,No,No,Regular,In-store,0
12255,John,32.0,Female,Los Angeles,Electronics,308,2020-01-11 06:00:00,280.8924800325364,Cash,5.0,,2287.306409062851,81,No,Yes,VIP,Online,1
11154,John,33.0,Male,San Francisco,Electronics,574,2020-01-11 07:00:00,134.0902278897229,Credit Card,5.0,Excellent,1568.908272424585,10,Yes,No,New,Online,1
14499,John,34.0,Other,New York,Electronics,512,2020-01-11 08:00:00,478.2544760928645,Bank Transfer,1.0,,3797.094687428943,36,No,Yes,New,In-store,1
16295,Alice,43.0,Female,New York,Electronics,776,2020-01-11 09:00:00,24.02928497946989,Credit Card,2.0,,168.9522147911182,58,No,No,Regular,In-store,0
16197,Alice,19.0,Other,Houston,Clothing,526,2020-01-11 10:00:00,107.8668572545059,PayPal,4.0,Average,1551.72910466614,34,No,No,New,In-store,0
19888,Alice,67.0,Female,Los Angeles,Home Appliances,953,2020-01-11 11:00:00,128.7321971298494,Cash,5.0,,1350.631832528741,31,No,No,New,In-store,0
11648,Charlie,29.0,Other,San Francisco,Books,470,2020-01-11 12:00:00,212.8932346262301,Bank Transfer,4.0,Good,1592.172369675969,71,No,No,Regular,In-store,0
15539,Eve,68.0,Male,San Francisco,Clothing,931,2020-01-11 13:00:00,124.0378185163262,Bank Transfer,5.0,,1047.115704644579,21,No,No,New,In-store,1
19637,Eve,43.0,Male,New York,Electronics,763,2020-01-11 14:00:00,250.7610542317048,Credit Card,5.0,Bad,2885.364500332959,96,No,Yes,VIP,In-store,1
14199,Bob,40.0,Other,Houston,Clothing,389,2020-01-11 15:00:00,437.5081063966841,Credit Card,3.0,Excellent,2361.788296203857,41,No,No,Regular,Both,0
18445,Alice,35.0,Female,New York,Toys,531,2020-01-11 16:00:00,,Credit Card,1.0,Bad,,71,No,No,Regular,Both,0
12557,Charlie,49.0,Other,New York,Electronics,367,2020-01-11 17:00:00,294.1813704622044,Credit Card,2.0,Bad,2640.694885720971,10,No,No,New,Both,1
15592,Charlie,66.0,Female,Houston,Books,250,2020-01-11 18:00:00,53.61155721151303,Bank Transfer,2.0,Good,360.9672466047546,57,No,Yes,Regular,Both,1
10098,Eve,55.0,Other,Los Angeles,Electronics,818,2020-01-11 19:00:00,350.0561331107451,Credit Card,3.0,Good,3138.252814956524,45,No,No,Regular,Both,0
12200,Alice,64.0,Female,San Francisco,Books,354,2020-01-11 20:00:00,91.54299931236052,Bank Transfer,3.0,Excellent,1287.773014451095,20,Yes,No,New,Online,1
12961,Bob,20.0,Male,Los Angeles,Books,452,2020-01-11 21:00:00,395.320019121232,Credit Card,2.0,Good,2262.127901856988,15,No,No,New,Online,1
14973,Alice,55.0,Other,Chicago,Home Appliances,476,2020-01-11 22:00:00,132.5278116699751,Cash,2.0,Bad,964.5290212174447,83,No,No,VIP,In-store,0
14433,John,20.0,Male,Chicago,Home Appliances,752,2020-01-11 23:00:00,214.3538768772414,Cash,1.0,,3098.146015781853,45,No,No,Regular,Online,0
12869,Alice,47.0,Male,Chicago,Clothing,954,2020-01-12 00:00:00,,Credit Card,5.0,Excellent,,78,Yes,No,Regular,In-store,0
10956,John,18.0,Other,Houston,Clothing,457,2020-01-12 01:00:00,430.8188181906798,Credit Card,1.0,,3070.66920255412,89,Yes,Yes,VIP,Both,1
18352,John,47.0,Other,New York,Books,707,2020-01-12 02:00:00,72.00678476956999,PayPal,2.0,Bad,464.7007381209031,64,No,No,Regular,In-store,0
15699,,62.0,Female,Los Angeles,Electronics,469,2020-01-12 03:00:00,287.1659923685464,Cash,5.0,Excellent,3322.944338105448,45,No,No,Regular,In-store,0
16944,,49.0,Female,San Francisco,Toys,326,2020-01-12 04:00:00,79.6101886271005,Bank Transfer,2.0,,830.911690767352,6,No,No,New,Online,1
14493,Alice,45.0,Male,Chicago,Toys,804,2020-01-12 05:00:00,355.3499597047714,Cash,,Excellent,2828.308217101585,84,No,No,VIP,Both,0
19492,John,38.0,Female,Los Angeles,Electronics,402,2020-01-12 06:00:00,453.4882826192958,Bank Transfer,1.0,,5412.188014999232,37,No,No,New,In-store,0
14911,Alice,63.0,Female,Chicago,Electronics,925,2020-01-12 07:00:00,222.9577503949542,Credit Card,1.0,,3281.650490440946,16,No,No,New,Both,1
13987,Eve,30.0,Other,Chicago,Home Appliances,488,2020-01-12 08:00:00,249.1652075298382,Cash,5.0,,2402.635866043314,86,Yes,No,VIP,Online,0
19719,Eve,44.0,Female,San Francisco,Toys,476,2020-01-12 09:00:00,464.4371898765535,Cash,4.0,Excellent,5246.623148390425,60,Yes,No,Regular,Online,0
16015,Charlie,53.0,Male,Houston,Books,217,2020-01-12 10:00:00,265.285780438185,PayPal,4.0,Excellent,3523.392065508557,51,No,No,Regular,In-store,0
11218,Eve,24.0,Female,New York,Clothing,104,2020-01-12 11:00:00,248.9232346442849,PayPal,2.0,,3383.515295934997,99,Yes,Yes,VIP,In-store,1
14496,Bob,,Male,Houston,Home Appliances,543,2020-01-12 12:00:00,293.3812603251091,Cash,5.0,Bad,4020.475696852568,1,No,No,New,In-store,1
14735,John,27.0,Other,Los Angeles,Toys,451,2020-01-12 13:00:00,347.7225708178464,Cash,3.0,,2162.608814029922,60,Yes,Yes,Regular,Online,1
14555,Charlie,56.0,Male,Houston,Electronics,854,2020-01-12 14:00:00,62.37285379264538,Cash,4.0,,648.0696625104448,50,No,Yes,Regular,In-store,1
19146,Bob,32.0,Female,Los Angeles,Toys,632,2020-01-12 15:00:00,412.3441585933429,Bank Transfer,5.0,,4125.936626935315,82,No,Yes,VIP,In-store,1
18050,,32.0,Other,Los Angeles,Books,763,2020-01-12 16:00:00,223.397463452097,Credit Card,5.0,Good,2336.917553278696,62,Yes,No,Regular,In-store,0
13446,John,21.0,Female,New York,Home Appliances,739,2020-01-12 17:00:00,45.45076984976792,PayPal,4.0,,291.4214637908595,27,No,No,New,Online,0
11045,Eve,49.0,Other,San Francisco,Electronics,223,2020-01-12 18:00:00,395.2295079071244,Credit Card,5.0,,4939.014544982851,10,No,No,New,Online,1
16893,John,40.0,Other,New York,Books,757,2020-01-12 19:00:00,194.7054861262733,PayPal,5.0,Average,1449.828627427133,9,Yes,No,New,Both,1
11693,Alice,23.0,Female,Houston,Clothing,376,2020-01-12 20:00:00,59.18007259657643,PayPal,4.0,Good,444.1473060290227,65,No,No,Regular,Both,0
13436,,41.0,Female,Los Angeles,Home Appliances,921,2020-01-12 21:00:00,320.5517293761928,PayPal,,Bad,3949.082797980268,82,No,No,VIP,Online,0
18754,Charlie,37.0,Other,Chicago,Books,493,2020-01-12 22:00:00,441.2643631824844,Cash,2.0,,5849.061952594322,11,Yes,No,New,Both,1
15895,Charlie,54.0,Other,Chicago,Books,763,2020-01-12 23:00:00,444.9992196128533,PayPal,3.0,Excellent,2988.831670386325,39,No,No,New,In-store,0
13354,Eve,37.0,Female,Los Angeles,Electronics,459,2020-01-13 00:00:00,479.2551026563968,Credit Card,,Average,6095.034453324251,91,No,No,VIP,Online,0
10225,Bob,29.0,Male,New York,Clothing,722,2020-01-13 01:00:00,,PayPal,1.0,Bad,,84,No,No,VIP,Both,0
14893,Bob,50.0,Female,San Francisco,Books,568,2020-01-13 02:00:00,11.04905047928286,Credit Card,1.0,Bad,96.945555461352,82,No,No,VIP,Online,0
17022,John,45.0,Other,New York,Home Appliances,727,2020-01-13 03:00:00,196.3181715425612,PayPal,5.0,,2883.218951894646,26,No,No,New,Both,1
19151,Eve,25.0,Female,Los Angeles,Books,799,2020-01-13 04:00:00,411.0858641536965,PayPal,2.0,,5911.174227633105,43,No,No,Regular,Online,0
15600,Charlie,,Male,Los Angeles,Toys,156,2020-01-13 05:00:00,189.4639729392524,Cash,1.0,Bad,1392.751618257812,14,Yes,No,New,Online,1
17996,Charlie,54.0,Female,San Francisco,Home Appliances,350,2020-01-13 06:00:00,304.758768126056,Credit Card,,,2383.113632170836,27,Yes,No,New,Both,0
19007,Alice,39.0,Other,Houston,Home Appliances,995,2020-01-13 07:00:00,307.0953042135207,PayPal,1.0,,3808.941159115228,91,Yes,Yes,VIP,Online,1
17683,Alice,23.0,Female,Houston,Books,249,2020-01-13 08:00:00,188.8623989790233,PayPal,3.0,Excellent,1080.637544321933,42,No,Yes,Regular,Online,1
14642,Charlie,38.0,Other,San Francisco,Electronics,551,2020-01-13 09:00:00,453.1922243678309,Credit Card,,Excellent,4394.431709847802,2,Yes,Yes,New,In-store,1
17679,Charlie,49.0,Other,Houston,Home Appliances,261,2020-01-13 10:00:00,256.5818892391976,PayPal,2.0,,3698.561329100429,73,No,No,Regular,In-store,0
18208,Eve,52.0,Female,Chicago,Toys,219,2020-01-13 11:00:00,237.7442609093754,Bank Transfer,5.0,Excellent,2455.680595094615,37,No,Yes,New,Online,1
17339,Bob,32.0,Other,Houston,Electronics,681,2020-01-13 12:00:00,,Cash,2.0,Bad,,30,No,No,New,Online,0
19435,Alice,22.0,Other,Houston,Electronics,450,2020-01-13 13:00:00,251.8151783955822,Credit Card,4.0,Bad,1877.148931001567,2,Yes,No,New,Online,1
12205,Bob,63.0,Male,Houston,Electronics,198,2020-01-13 14:00:00,97.41514344500472,Cash,2.0,,955.2202919688687,89,No,No,VIP,In-store,0
11069,Eve,,Male,Chicago,Home Appliances,266,2020-01-13 15:00:00,261.4040172030847,Bank Transfer,3.0,,1397.04021569933,80,Yes,No,Regular,Online,0
13444,Charlie,65.0,Male,Houston,Electronics,909,2020-01-13 16:00:00,408.8682004047657,Bank Transfer,3.0,Excellent,3406.959512633232,44,Yes,Yes,Regular,Online,1
11060,Bob,23.0,Male,Chicago,Books,762,2020-01-13 17:00:00,390.6615601801579,Bank Transfer,3.0,,4073.933895604986,48,Yes,No,Regular,In-store,0
12327,Charlie,42.0,Other,San Francisco,Electronics,937,2020-01-13 18:00:00,396.4050649031508,Credit Card,1.0,,2363.046528325794,27,No,No,New,Online,0
13420,Charlie,63.0,Female,New York,Toys,613,2020-01-13 19:00:00,356.9316541589768,Bank Transfer,3.0,,3041.494644784249,66,No,No,Regular,Online,0
10301,John,57.0,Other,San Francisco,Clothing,763,2020-01-13 20:00:00,134.5667362426772,Credit Card,2.0,Bad,1055.463592406175,45,Yes,No,Regular,Both,0
10606,Bob,46.0,Other,New York,Toys,500,2020-01-13 21:00:00,,Credit Card,,,,22,No,No,New,Both,1
13170,Bob,24.0,Other,San Francisco,Home Appliances,464,2020-01-13 22:00:00,447.7872980343699,PayPal,3.0,,6272.171465784154,57,No,No,Regular,Online,0
10699,Charlie,57.0,Female,New York,Electronics,676,2020-01-13 23:00:00,105.134821343089,Credit Card,2.0,Bad,1012.689888113094,11,No,No,New,In-store,1
15088,Eve,30.0,Male,New York,Electronics,425,2020-01-14 00:00:00,73.92326191018302,Bank Transfer,1.0,,995.7545003308286,32,Yes,No,New,Online,0
19331,John,55.0,Other,Los Angeles,Books,680,2020-01-14 01:00:00,488.0464346086649,Credit Card,1.0,Bad,2765.017562243115,93,No,No,VIP,In-store,0
10190,Charlie,35.0,Other,New York,Electronics,732,2020-01-14 02:00:00,435.4787421886803,Credit Card,5.0,,2327.291816059855,61,No,No,Regular,Both,0
10980,Alice,,Male,New York,Toys,720,2020-01-14 03:00:00,447.6857121328739,Cash,5.0,Excellent,2372.503305299603,100,No,No,VIP,Online,0
12975,Alice,25.0,Other,Los Angeles,Home Appliances,927,2020-01-14 04:00:00,444.3244284659536,Bank Transfer,2.0,,2570.316277798597,25,No,No,New,In-store,1
16102,John,28.0,Female,Houston,Clothing,346,2020-01-14 05:00:00,275.4265437765269,Credit Card,5.0,Average,2557.192038119636,100,No,No,VIP,In-store,0
11184,Eve,50.0,Other,Houston,Electronics,533,2020-01-14 06:00:00,,PayPal,5.0,Excellent,,74,No,No,Regular,In-store,0
13327,Charlie,,Other,Los Angeles,Clothing,192,2020-01-14 07:00:00,277.2277975454844,Credit Card,1.0,,2372.043286720235,48,No,No,Regular,In-store,0
13394,Bob,65.0,Male,Chicago,Electronics,367,2020-01-14 08:00:00,35.09111110326124,Credit Card,2.0,Average,468.2812999196451,74,No,No,Regular,In-store,0
18319,John,44.0,Other,New York,Home Appliances,714,2020-01-14 09:00:00,375.2965118228586,Cash,5.0,,4402.541857894318,76,Yes,No,Regular,Online,0
11816,Eve,37.0,Other,New York,Toys,723,2020-01-14 10:00:00,257.6126963345813,Bank Transfer,2.0,Excellent,3209.296421862352,72,Yes,No,Regular,In-store,0
15854,Bob,29.0,Female,Los Angeles,Home Appliances,420,2020-01-14 11:00:00,327.3774466472126,Bank Transfer,3.0,,1746.49710736976,10,No,No,New,Both,1
16709,Alice,60.0,Male,Los Angeles,Clothing,915,2020-01-14 12:00:00,,PayPal,1.0,,,24,No,No,New,Both,1
10569,Alice,48.0,Male,Chicago,Electronics,955,2020-01-14 13:00:00,,PayPal,1.0,,,64,No,Yes,Regular,In-store,1
15442,Bob,44.0,Female,Houston,Clothing,161,2020-01-14 14:00:00,94.17666364410574,PayPal,1.0,Excellent,1221.074891757778,98,Yes,No,VIP,In-store,0
11895,John,49.0,Other,San Francisco,Toys,399,2020-01-14 15:00:00,146.569720419163,Credit Card,4.0,Good,1271.930417567965,79,Yes,No,Regular,In-store,0
12733,Alice,27.0,Male,Houston,Home Appliances,502,2020-01-14 16:00:00,87.83781905253834,Credit Card,2.0,Bad,652.6903885023348,69,Yes,No,Regular,Online,0
13863,Charlie,20.0,Male,New York,Clothing,747,2020-01-14 17:00:00,105.8764848564178,PayPal,3.0,Good,1065.622602878532,41,No,No,Regular,In-store,0
17455,Bob,62.0,Other,Los Angeles,Clothing,666,2020-01-14 18:00:00,486.7589164059494,Bank Transfer,5.0,Good,4053.726332992816,23,Yes,No,New,In-store,1
14014,Bob,44.0,Other,Chicago,Toys,719,2020-01-14 19:00:00,85.02558842837723,Bank Transfer,3.0,Excellent,1236.417162967605,46,No,Yes,Regular,In-store,1
11686,Alice,52.0,Male,Houston,Electronics,402,2020-01-14 20:00:00,141.9425079095518,PayPal,2.0,,1483.216154050044,72,Yes,Yes,Regular,Online,1
13009,John,48.0,Other,Chicago,Clothing,869,2020-01-14 21:00:00,299.3889322919067,Cash,1.0,,3354.154698552064,94,No,No,VIP,Online,0
17806,Charlie,32.0,Male,Houston,Toys,352,2020-01-14 22:00:00,308.9875023559545,Bank Transfer,4.0,Excellent,3538.157553600304,62,No,No,Regular,Online,0
10154,John,,Other,New York,Electronics,833,2020-01-14 23:00:00,85.44732357447624,Bank Transfer,,,1061.432701659326,25,Yes,No,New,Online,1
11409,Eve,30.0,Other,San Francisco,Electronics,577,2020-01-15 00:00:00,398.921538634754,PayPal,,Excellent,3398.224842622605,32,No,No,New,Online,0
10784,Eve,66.0,Female,Chicago,Home Appliances,468,2020-01-15 01:00:00,394.7494052772843,Bank Transfer,5.0,,4968.667299637992,9,No,No,New,Online,1
18096,Alice,52.0,Other,Chicago,Toys,778,2020-01-15 02:00:00,126.2856750599066,Credit Card,3.0,Bad,1218.600995443928,33,Yes,No,New,Online,0
17560,Alice,69.0,Female,San Francisco,Electronics,259,2020-01-15 03:00:00,151.4464883109756,Credit Card,3.0,,2103.601937297539,51,Yes,No,Regular,Online,0
17343,Alice,28.0,Other,Chicago,Home Appliances,265,2020-01-15 04:00:00,469.6140540751535,Bank Transfer,5.0,,6843.355252573721,50,Yes,No,Regular,In-store,0
17206,Eve,38.0,Male,Chicago,Books,304,2020-01-15 05:00:00,414.5790085299442,Credit Card,4.0,,2090.651491080998,70,No,Yes,Regular,Online,1
15596,John,68.0,Male,Houston,Toys,366,2020-01-15 06:00:00,351.9205462006367,Cash,1.0,,3787.385161317213,73,Yes,No,Regular,In-store,0
15801,John,28.0,Other,Houston,Books,237,2020-01-15 07:00:00,50.29427854019426,Bank Transfer,1.0,Excellent,494.1122271832914,47,No,Yes,Regular,In-store,1
12806,Alice,47.0,Other,San Francisco,Electronics,467,2020-01-15 08:00:00,214.9493996422621,PayPal,4.0,,2820.713303561467,47,No,Yes,Regular,In-store,1
10537,Charlie,65.0,Male,New York,Toys,542,2020-01-15 09:00:00,284.0579173176453,Credit Card,5.0,,2221.770409051499,35,No,Yes,New,Online,1
15986,John,52.0,Other,Chicago,Home Appliances,957,2020-01-15 10:00:00,,Cash,2.0,,,42,Yes,Yes,Regular,Online,1
11841,Eve,39.0,Female,New York,Electronics,859,2020-01-15 11:00:00,,Cash,3.0,,,91,No,No,VIP,Online,0
18716,Bob,55.0,Female,San Francisco,Toys,666,2020-01-15 12:00:00,304.5026799694581,Credit Card,2.0,Bad,4096.113475430122,83,Yes,No,VIP,Online,0
16971,Bob,48.0,Female,San Francisco,Toys,820,2020-01-15 13:00:00,170.4145732565456,Cash,3.0,Average,1915.411920768572,3,Yes,No,New,In-store,1
15625,Bob,31.0,Female,Houston,Books,116,2020-01-15 14:00:00,392.6629612857387,Bank Transfer,2.0,,5205.303503451483,64,No,Yes,Regular,Online,1
12950,Charlie,41.0,Female,Chicago,Electronics,167,2020-01-15 15:00:00,,Cash,5.0,,,67,No,Yes,Regular,Online,1
17992,Alice,67.0,Other,Los Angeles,Home Appliances,232,2020-01-15 16:00:00,168.5686400226947,Credit Card,5.0,Excellent,2048.392135486733,40,No,No,New,In-store,0
14780,Eve,66.0,Other,San Francisco,Home Appliances,799,2020-01-15 17:00:00,420.942005701304,Cash,4.0,Average,2696.278765447498,78,Yes,No,Regular,Online,0
12368,Charlie,49.0,Female,Chicago,Electronics,529,2020-01-15 18:00:00,60.75251739047736,Credit Card,2.0,,588.4311294411407,66,Yes,No,Regular,Online,0
16655,Eve,53.0,Other,New York,Electronics,407,2020-01-15 19:00:00,420.4872583251016,Credit Card,2.0,Good,3087.057568334717,98,Yes,No,VIP,Both,0
18173,Eve,49.0,Other,Houston,Clothing,749,2020-01-15 20:00:00,84.84771151713213,Cash,4.0,Bad,879.1591981836223,98,No,No,VIP,Online,0
14495,Alice,32.0,Female,New York,Books,273,2020-01-15 21:00:00,50.63430472976576,Credit Card,4.0,,302.2605398692149,77,No,No,Regular,Online,0
19163,Bob,60.0,Other,San Francisco,Electronics,511,2020-01-15 22:00:00,324.4699481760955,Credit Card,5.0,Good,3824.659211041316,57,Yes,No,Regular,Online,0
16002,Alice,52.0,Other,San Francisco,Electronics,196,2020-01-15 23:00:00,241.2493092200942,PayPal,5.0,Bad,2432.625301235266,28,Yes,No,New,Online,0
16614,Charlie,20.0,Other,New York,Clothing,782,2020-01-16 00:00:00,454.8663942022881,Bank Transfer,2.0,Excellent,4745.900334106103,12,No,No,New,Both,1
19358,Charlie,33.0,Female,San Francisco,Clothing,253,2020-01-16 01:00:00,187.9627060845161,Credit Card,5.0,Excellent,1702.652684239646,33,No,No,New,Both,0
15919,Charlie,22.0,Other,Chicago,Toys,794,2020-01-16 02:00:00,150.7046090844381,Bank Transfer,5.0,Bad,921.9312979640648,70,No,No,Regular,In-store,0
10853,Alice,38.0,Male,San Francisco,Home Appliances,341,2020-01-16 03:00:00,255.3601040106572,PayPal,2.0,Bad,3296.768157203644,78,Yes,No,Regular,Online,0
14146,Eve,27.0,Male,Houston,Books,403,2020-01-16 04:00:00,233.413631026644,PayPal,4.0,Average,2270.194448397826,92,Yes,No,VIP,Online,0
13769,Eve,36.0,Female,Chicago,Toys,384,2020-01-16 05:00:00,178.7697426464223,PayPal,2.0,Average,2397.070276682973,33,No,No,New,Online,0
10574,John,42.0,Male,Los Angeles,Electronics,126,2020-01-16 06:00:00,349.933236362181,PayPal,1.0,Average,3071.749927016701,21,Yes,No,New,Online,1
11148,Charlie,21.0,Female,San Francisco,Clothing,501,2020-01-16 07:00:00,382.1852986178151,Bank Transfer,2.0,Average,2828.260080073971,46,No,No,Regular,In-store,0
16293,Eve,46.0,Male,San Francisco,Home Appliances,459,2020-01-16 08:00:00,427.9621448247669,Cash,1.0,,5555.965626605221,6,No,No,New,Online,1
16457,John,36.0,Male,Houston,Toys,159,2020-01-16 09:00:00,486.699736308068,Cash,2.0,,3626.733303076333,9,No,Yes,New,Online,1
17509,Eve,60.0,Male,Houston,Home Appliances,301,2020-01-16 10:00:00,140.6615341449272,Bank Transfer,,Excellent,1267.068603704766,43,No,No,Regular,In-store,0
19907,Charlie,19.0,Female,New York,Clothing,861,2020-01-16 11:00:00,360.8858064200812,Credit Card,1.0,,4387.430382269972,7,No,No,New,Both,1
14777,Bob,27.0,Female,New York,Toys,973,2020-01-16 12:00:00,203.1865353929152,Bank Transfer,2.0,,1713.101026915921,73,Yes,No,Regular,Online,0
13854,Charlie,60.0,Other,New York,Toys,680,2020-01-16 13:00:00,341.770166256043,Credit Card,5.0,,4907.976438013884,45,Yes,Yes,Regular,Online,1
12491,Alice,,Female,Houston,Home Appliances,469,2020-01-16 14:00:00,243.231028271118,Credit Card,3.0,Average,2487.537404618119,90,No,Yes,VIP,In-store,1
13124,Eve,37.0,Male,New York,Clothing,632,2020-01-16 15:00:00,496.9488203562865,Cash,5.0,Bad,6426.213267040108,74,No,No,Regular,Online,0
15691,Eve,65.0,Male,New York,Electronics,251,2020-01-16 16:00:00,367.1620465374675,PayPal,1.0,Average,3029.242882998572,39,Yes,No,New,Online,0
13051,Alice,36.0,Female,Los Angeles,Toys,201,2020-01-16 17:00:00,476.720737212819,Cash,2.0,Bad,5091.596235007267,16,Yes,No,New,Both,1
10004,,40.0,Female,New York,Electronics,998,2020-01-16 18:00:00,,Cash,2.0,,,48,No,No,Regular,Online,0
15222,Bob,41.0,Female,San Francisco,Clothing,706,2020-01-16 19:00:00,452.4214954700518,Bank Transfer,2.0,,4783.503111844464,96,No,Yes,VIP,Online,1
15315,,28.0,Other,Houston,Toys,545,2020-01-16 20:00:00,409.0654066351907,Bank Transfer,2.0,Average,2834.506659708193,71,No,No,Regular,Both,0
14869,Eve,63.0,Male,Chicago,Toys,972,2020-01-16 21:00:00,234.9879738841966,Credit Card,3.0,,2570.376543015238,30,Yes,No,New,Online,0
10876,Bob,51.0,Other,Los Angeles,Electronics,328,2020-01-16 22:00:00,133.3763421399734,Bank Transfer,4.0,Average,1472.712971303134,11,No,No,New,Online,1
19183,John,45.0,Other,Houston,Books,224,2020-01-16 23:00:00,191.4568859707559,Credit Card,1.0,,1778.019883155923,73,Yes,No,Regular,Online,0
17027,Bob,22.0,Male,Houston,Electronics,869,2020-01-17 00:00:00,,Credit Card,3.0,,,42,No,No,Regular,Online,0
14142,Charlie,22.0,Male,San Francisco,Electronics,933,2020-01-17 01:00:00,266.7566520576869,PayPal,5.0,,2852.174027185126,14,No,No,New,Both,1
16966,Eve,68.0,Female,New York,Books,980,2020-01-17 02:00:00,257.4783221325002,PayPal,4.0,Excellent,2373.982218547686,70,Yes,No,Regular,Online,0
17079,Alice,38.0,Female,San Francisco,Clothing,335,2020-01-17 03:00:00,267.3727277669392,Cash,4.0,,2880.339607092892,80,Yes,No,Regular,In-store,0
17987,Charlie,29.0,Other,New York,Clothing,261,2020-01-17 04:00:00,,PayPal,2.0,,,80,No,No,Regular,Online,0
16799,Eve,67.0,Female,New York,Toys,653,2020-01-17 05:00:00,456.6124616928712,Credit Card,3.0,,5935.745943657802,20,No,Yes,New,Online,1
14465,Bob,21.0,Female,Houston,Home Appliances,887,2020-01-17 06:00:00,,Bank Transfer,5.0,,,15,No,No,New,Online,1
10635,Charlie,66.0,Male,New York,Home Appliances,452,2020-01-17 07:00:00,,PayPal,2.0,Bad,,51,Yes,No,Regular,Online,0
11693,,59.0,Male,Los Angeles,Toys,167,2020-01-17 08:00:00,217.7385279369983,PayPal,2.0,,1369.659021189837,65,No,No,Regular,In-store,0
19874,John,37.0,Female,Los Angeles,Home Appliances,272,2020-01-17 09:00:00,186.6611297473074,PayPal,1.0,Good,1660.385861496707,43,Yes,No,Regular,In-store,0
14752,John,55.0,Male,Los Angeles,Electronics,942,2020-01-17 10:00:00,401.2630221659174,PayPal,4.0,Bad,3727.938184401896,36,Yes,No,New,In-store,0
18311,,42.0,Female,Houston,Electronics,736,2020-01-17 11:00:00,266.7784582351176,Credit Card,5.0,Good,3051.093118332666,80,No,Yes,Regular,Online,1
10830,Eve,31.0,Male,San Francisco,Books,781,2020-01-17 12:00:00,290.3289103160963,Credit Card,4.0,Average,1478.134211347846,66,No,No,Regular,Both,0
15177,John,28.0,Male,Chicago,Books,658,2020-01-17 13:00:00,427.9766439040835,Cash,3.0,Excellent,5496.470900109447,37,Yes,No,New,Online,0
19561,Bob,49.0,Male,New York,Toys,360,2020-01-17 14:00:00,404.9047951735257,Bank Transfer,1.0,,4992.640391224703,44,No,No,Regular,Both,0
18932,Eve,28.0,Male,Chicago,Toys,316,2020-01-17 15:00:00,74.78364618194685,Cash,2.0,,644.6550812408527,60,No,No,Regular,Both,0
18308,Bob,35.0,Female,San Francisco,Toys,916,2020-01-17 16:00:00,359.8181462009808,Cash,1.0,Excellent,4103.214468647008,36,No,No,New,Both,0
15949,Bob,44.0,Other,San Francisco,Electronics,223,2020-01-17 17:00:00,223.3637031619974,PayPal,2.0,Average,3251.00510022825,17,Yes,No,New,Both,1
12838,John,35.0,Male,Houston,Home Appliances,904,2020-01-17 18:00:00,154.3779625006252,Bank Transfer,1.0,,1631.167412807982,24,No,No,New,In-store,1
11150,Eve,40.0,Female,Los Angeles,Toys,261,2020-01-17 19:00:00,34.50922224207131,PayPal,2.0,Average,331.1418941664315,72,No,No,Regular,In-store,0
17560,Charlie,28.0,Female,Los Angeles,Toys,300,2020-01-17 20:00:00,248.752284569271,Credit Card,4.0,,1401.396477336338,25,No,No,New,Online,1
11931,John,38.0,Male,San Francisco,Electronics,553,2020-01-17 21:00:00,184.1639735550204,Cash,4.0,Good,2289.764610849542,98,No,No,VIP,Both,0
19204,,,Other,Houston,Electronics,501,2020-01-17 22:00:00,133.2413894414364,Bank Transfer,4.0,,1892.019472848531,45,No,No,Regular,Online,0
11664,Eve,22.0,Male,Houston,Electronics,561,2020-01-17 23:00:00,350.3891475025092,Credit Card,4.0,Average,1777.331597510967,82,Yes,Yes,VIP,Online,1
11081,Eve,,Female,New York,Home Appliances,374,2020-01-18 00:00:00,,Cash,1.0,,,99,No,No,VIP,In-store,0
10512,Bob,58.0,Other,Los Angeles,Toys,305,2020-01-18 01:00:00,129.9468643244182,Bank Transfer,2.0,,849.2049450867279,97,No,Yes,VIP,Online,1
17805,Eve,42.0,Female,San Francisco,Clothing,139,2020-01-18 02:00:00,34.22924397288016,Cash,4.0,,337.7200813689615,82,No,No,VIP,Online,0
15237,Bob,58.0,Male,Chicago,Clothing,372,2020-01-18 03:00:00,425.8888232769651,Bank Transfer,1.0,Average,5111.730317340953,91,No,No,VIP,Both,0
10559,John,27.0,Other,Los Angeles,Toys,799,2020-01-18 04:00:00,14.88027319010863,Cash,2.0,Average,201.7926049286275,14,No,No,New,Online,1
13672,Alice,39.0,Female,New York,Toys,966,2020-01-18 05:00:00,469.1851220215213,PayPal,1.0,,3192.753423888748,2,No,Yes,New,Online,1
17404,Charlie,36.0,Female,Houston,Toys,192,2020-01-18 06:00:00,317.5337382515259,Cash,4.0,Average,4341.43486475085,18,No,No,New,Online,1
13343,John,18.0,Female,San Francisco,Toys,141,2020-01-18 07:00:00,167.7048512486469,Cash,3.0,Average,1448.544521728568,1,No,Yes,New,Both,1
14070,Eve,24.0,Male,Los Angeles,Home Appliances,564,2020-01-18 08:00:00,130.7741756926007,Bank Transfer,1.0,,772.25956539515,51,No,No,Regular,Online,0
19662,Charlie,21.0,Other,Chicago,Clothing,478,2020-01-18 09:00:00,14.41277548959287,Bank Transfer,4.0,,99.05354403260358,85,No,Yes,VIP,Online,1
10580,Alice,18.0,Male,New York,Books,206,2020-01-18 10:00:00,125.3809943353298,PayPal,5.0,Excellent,1135.991117011578,61,No,Yes,Regular,In-store,1
17004,Alice,32.0,Male,New York,Clothing,427,2020-01-18 11:00:00,77.48686774339915,Bank Transfer,2.0,Average,830.4390271740109,24,No,No,New,Both,1
18130,Bob,57.0,Male,Los Angeles,Clothing,164,2020-01-18 12:00:00,309.9614481543414,Cash,4.0,,2824.087146799527,50,No,No,Regular,Online,0
13147,Charlie,29.0,Other,Chicago,Electronics,464,2020-01-18 13:00:00,91.60733841096264,Bank Transfer,,Excellent,983.3800660263843,9,Yes,No,New,Online,1
14249,Bob,39.0,Male,New York,Toys,920,2020-01-18 14:00:00,269.0286203929435,Bank Transfer,1.0,,1483.150409636924,76,No,No,Regular,In-store,0
11679,John,39.0,Male,San Francisco,Toys,583,2020-01-18 15:00:00,299.1570469487907,Bank Transfer,1.0,,3831.065265735989,27,Yes,No,New,In-store,0
13506,Charlie,67.0,Male,New York,Toys,746,2020-01-18 16:00:00,156.0404321899881,PayPal,5.0,,2105.697486056409,94,No,No,VIP,In-store,0
17253,John,64.0,Male,Chicago,Electronics,123,2020-01-18 17:00:00,27.18182501917217,PayPal,5.0,Bad,177.1182719591209,14,No,No,New,Online,1
12744,Bob,34.0,Female,Houston,Home Appliances,639,2020-01-18 18:00:00,28.25440150095609,Credit Card,2.0,,283.5534931369811,43,Yes,No,Regular,Online,0
19435,Charlie,,Male,Houston,Home Appliances,161,2020-01-18 19:00:00,22.91019277501963,PayPal,,,247.4241336762071,45,No,No,Regular,Online,0
15188,Bob,63.0,Female,Los Angeles,Books,590,2020-01-18 20:00:00,372.1710868969076,PayPal,5.0,,4061.666721596098,80,No,Yes,Regular,Both,1
12141,Charlie,31.0,Male,Chicago,Home Appliances,372,2020-01-18 21:00:00,165.8247553590061,PayPal,3.0,Bad,1240.138942131361,67,No,No,Regular,Both,0
16617,Bob,67.0,Other,New York,Home Appliances,328,2020-01-18 22:00:00,400.1870911241552,Cash,3.0,,3455.455035351759,49,No,No,Regular,Both,0
12479,Alice,37.0,Female,New York,Toys,119,2020-01-18 23:00:00,221.5490836829961,Credit Card,5.0,Average,2153.570045391351,46,Yes,No,Regular,Online,0
16484,Bob,67.0,Female,Houston,Clothing,102,2020-01-19 00:00:00,231.9690694066823,Cash,2.0,Average,2469.514958794291,31,No,Yes,New,In-store,1
19827,Alice,65.0,Female,Houston,Home Appliances,520,2020-01-19 01:00:00,261.3124752296911,PayPal,1.0,Bad,2580.411876145614,6,No,No,New,Both,1
17421,Bob,50.0,Female,San Francisco,Home Appliances,829,2020-01-19 02:00:00,359.3854136238009,PayPal,3.0,Good,2938.952244773892,1,No,Yes,New,Both,1
19949,Charlie,60.0,Other,Houston,Electronics,406,2020-01-19 03:00:00,,Credit Card,5.0,Bad,,100,No,No,VIP,Online,0
14452,Charlie,32.0,Male,San Francisco,Books,531,2020-01-19 04:00:00,69.57780127142817,Credit Card,,Average,622.0713282630261,90,No,No,VIP,Online,0
15881,Charlie,29.0,Female,New York,Electronics,235,2020-01-19 05:00:00,282.4680942438162,Bank Transfer,4.0,Average,3305.951953824494,60,No,Yes,Regular,In-store,1
16665,Eve,57.0,Other,San Francisco,Toys,614,2020-01-19 06:00:00,,PayPal,5.0,Good,,82,No,No,VIP,In-store,0
12849,,37.0,Female,San Francisco,Clothing,292,2020-01-19 07:00:00,226.8207436973383,PayPal,2.0,,1143.630220606464,83,No,Yes,VIP,Online,1
17390,Charlie,47.0,Male,Los Angeles,Books,684,2020-01-19 08:00:00,327.0038870852796,Cash,3.0,Good,3723.637870321537,86,No,Yes,VIP,Online,1
16905,Alice,55.0,Female,Houston,Electronics,514,2020-01-19 09:00:00,,Bank Transfer,4.0,,,50,Yes,Yes,Regular,Online,1
12489,Charlie,20.0,Other,San Francisco,Home Appliances,972,2020-01-19 10:00:00,,PayPal,3.0,Average,,86,Yes,No,VIP,In-store,0
19823,Eve,45.0,Male,New York,Home Appliances,217,2020-01-19 11:00:00,276.6580010356777,Cash,3.0,,4053.852025095034,50,No,No,Regular,Online,0
19207,Alice,43.0,Other,Chicago,Books,765,2020-01-19 12:00:00,372.5002222486886,Credit Card,2.0,Excellent,3350.544917050477,66,No,No,Regular,Both,0
19540,Eve,47.0,Male,San Francisco,Home Appliances,308,2020-01-19 13:00:00,355.9089426786938,Cash,5.0,,4381.299483137595,65,No,No,Regular,Online,0
14611,Alice,30.0,Male,Houston,Electronics,133,2020-01-19 14:00:00,271.7530469862234,PayPal,2.0,,1647.831424330902,16,No,No,New,In-store,1
12839,Bob,30.0,Male,Los Angeles,Electronics,748,2020-01-19 15:00:00,342.6624802212564,Cash,5.0,Good,1736.779679609234,16,No,No,New,Online,1
18527,John,19.0,Female,New York,Home Appliances,417,2020-01-19 16:00:00,438.0442051135802,Cash,,,3504.932219691567,66,No,No,Regular,In-store,0
15878,John,54.0,Other,Los Angeles,Home Appliances,219,2020-01-19 17:00:00,221.8129310162026,Bank Transfer,2.0,,2619.063704312388,2,No,No,New,Online,1
19087,Eve,66.0,Other,Chicago,Toys,726,2020-01-19 18:00:00,212.2539056469089,Bank Transfer,2.0,Good,1235.70329072827,35,No,No,New,Online,0
16303,John,55.0,Other,San Francisco,Clothing,624,2020-01-19 19:00:00,384.4803542176663,Credit Card,1.0,,4888.236250152792,9,No,Yes,New,Online,1
10851,Eve,,Male,San Francisco,Books,680,2020-01-19 20:00:00,295.4513801505771,Bank Transfer,2.0,,1572.180978157293,80,No,Yes,Regular,Online,1
11687,Eve,53.0,Female,Houston,Electronics,944,2020-01-19 21:00:00,44.79332230906839,Cash,1.0,,569.2170446175879,99,No,No,VIP,In-store,0
16833,Eve,43.0,Male,San Francisco,Books,868,2020-01-19 22:00:00,447.1348876886299,Bank Transfer,,,5711.978036219697,85,No,No,VIP,Both,0
12427,John,28.0,Other,New York,Toys,188,2020-01-19 23:00:00,25.08372009644367,PayPal,5.0,Bad,180.3566149822862,65,Yes,Yes,Regular,Both,1
19760,Eve,25.0,Female,Chicago,Electronics,611,2020-01-20 00:00:00,376.7142145427741,Cash,5.0,,3363.837147174367,34,No,No,New,Online,0
14000,John,61.0,Female,Los Angeles,Toys,146,2020-01-20 01:00:00,,Cash,1.0,,,29,Yes,Yes,New,Online,1
15052,Eve,57.0,Female,Chicago,Toys,871,2020-01-20 02:00:00,477.0244317881459,Cash,5.0,Bad,6802.946473930666,68,No,No,Regular,Online,0
12738,Charlie,,Other,San Francisco,Home Appliances,839,2020-01-20 03:00:00,36.52586011713717,PayPal,3.0,Good,353.7049113972259,45,No,No,Regular,In-store,0
15732,,39.0,Female,Los Angeles,Books,791,2020-01-20 04:00:00,302.4598617844006,Cash,2.0,,4449.373409430542,24,No,No,New,Online,1
15387,Alice,37.0,Female,Houston,Books,621,2020-01-20 05:00:00,219.6418796072559,Bank Transfer,1.0,Good,1116.488422742775,22,No,No,New,In-store,1
18002,Eve,25.0,Male,Chicago,Home Appliances,383,2020-01-20 06:00:00,172.0101478811756,PayPal,5.0,Good,1161.641868333015,18,No,No,New,Online,1
15536,Bob,46.0,Male,Los Angeles,Books,476,2020-01-20 07:00:00,54.25609454654579,Cash,3.0,,404.6979471836604,96,No,No,VIP,In-store,0
13913,Eve,57.0,Female,Los Angeles,Home Appliances,737,2020-01-20 08:00:00,285.7005186389415,Bank Transfer,2.0,Excellent,3781.881794490005,57,No,No,Regular,Online,0
11066,Alice,43.0,Female,Los Angeles,Electronics,233,2020-01-20 09:00:00,244.7299555805607,Bank Transfer,,,1325.570247708921,87,No,No,VIP,In-store,0
17723,Alice,47.0,Male,New York,Toys,766,2020-01-20 10:00:00,61.23168449400189,Credit Card,5.0,,887.1723938672768,82,No,No,VIP,Online,0
14380,John,,Male,Chicago,Toys,347,2020-01-20 11:00:00,310.1198584775709,Bank Transfer,3.0,Bad,2820.107367117094,9,No,No,New,In-store,1
14107,Charlie,37.0,Male,Los Angeles,Books,751,2020-01-20 12:00:00,371.5970289239398,Bank Transfer,1.0,Bad,2891.580819594268,59,Yes,Yes,Regular,Online,1
15726,Eve,69.0,Other,Chicago,Clothing,417,2020-01-20 13:00:00,385.9663675162876,Credit Card,5.0,Good,2867.49077278635,56,No,No,Regular,Online,0
13373,John,33.0,Other,Los Angeles,Toys,535,2020-01-20 14:00:00,453.6328622485894,Credit Card,2.0,,6660.622295225052,86,No,No,VIP,Online,0
18945,Charlie,63.0,Male,Houston,Home Appliances,275,2020-01-20 15:00:00,210.6406635255008,PayPal,2.0,Bad,1263.227319982576,59,No,Yes,Regular,Both,1
12082,Eve,60.0,Female,Houston,Clothing,934,2020-01-20 16:00:00,477.0056566248471,Bank Transfer,2.0,Average,3590.618659515413,42,Yes,No,Regular,Online,0
18967,Bob,24.0,Male,Houston,Clothing,785,2020-01-20 17:00:00,434.0604084905162,PayPal,5.0,Good,5445.710360460759,3,No,No,New,In-store,1
16748,Eve,33.0,Other,San Francisco,Toys,685,2020-01-20 18:00:00,155.2857698017301,PayPal,4.0,,919.1577219629165,59,No,No,Regular,In-store,0
19817,Alice,62.0,Female,Los Angeles,Toys,450,2020-01-20 19:00:00,88.04868830123465,Cash,4.0,Average,888.6621027187886,78,Yes,Yes,Regular,In-store,1
10417,Alice,64.0,Other,San Francisco,Toys,242,2020-01-20 20:00:00,223.3408041027266,PayPal,4.0,Good,1832.458388105816,19,No,No,New,Online,1
18306,Bob,65.0,Female,Chicago,Home Appliances,903,2020-01-20 21:00:00,206.9303668984236,PayPal,,Excellent,2594.287382995496,63,No,No,Regular,Online,0
18808,John,44.0,Other,San Francisco,Clothing,497,2020-01-20 22:00:00,292.1024596122901,PayPal,5.0,Excellent,3329.21391393502,47,No,No,Regular,In-store,0
13974,Charlie,40.0,Female,Chicago,Books,723,2020-01-20 23:00:00,295.8592538405965,PayPal,2.0,Average,2253.557870936393,99,No,No,VIP,Online,0
13267,Eve,41.0,Female,Chicago,Home Appliances,817,2020-01-21 00:00:00,,Credit Card,3.0,,,61,No,No,Regular,In-store,0
10825,Alice,26.0,Female,Chicago,Electronics,742,2020-01-21 01:00:00,259.846074620749,Bank Transfer,4.0,Excellent,2795.770996984849,25,No,No,New,In-store,1
17668,John,52.0,Female,San Francisco,Toys,468,2020-01-21 02:00:00,,Cash,1.0,Average,,16,Yes,No,New,In-store,1
15745,Bob,68.0,Other,Los Angeles,Clothing,600,2020-01-21 03:00:00,,Credit Card,3.0,Excellent,,25,No,No,New,In-store,1
19708,Alice,37.0,Other,San Francisco,Home Appliances,721,2020-01-21 04:00:00,161.7846457607417,Cash,3.0,,1483.532111035301,49,Yes,Yes,Regular,In-store,1
10412,Bob,54.0,Female,Los Angeles,Electronics,469,2020-01-21 05:00:00,485.9357555502301,Cash,5.0,Average,3406.3564942068,7,No,No,New,Both,1
17543,Eve,59.0,Female,Los Angeles,Home Appliances,678,2020-01-21 06:00:00,67.75145325308736,Credit Card,3.0,Good,761.8215207391991,54,Yes,No,Regular,Online,0
17587,Charlie,34.0,Other,Chicago,Home Appliances,481,2020-01-21 07:00:00,479.5430743939266,PayPal,5.0,Excellent,4273.165180172652,60,Yes,No,Regular,In-store,0
10728,Alice,64.0,Female,San Francisco,Books,185,2020-01-21 08:00:00,54.59578537243332,Credit Card,1.0,Good,350.5500986663665,77,No,No,Regular,In-store,0
17164,Alice,48.0,Female,Los Angeles,Books,886,2020-01-21 09:00:00,123.2077075940591,Cash,2.0,Average,1820.741316359593,19,No,No,New,Online,1
18867,Eve,25.0,Female,Houston,Home Appliances,838,2020-01-21 10:00:00,32.82417162240538,Cash,2.0,Excellent,336.0311511406834,18,No,No,New,Both,1
15988,John,32.0,Male,Los Angeles,Electronics,559,2020-01-21 11:00:00,,PayPal,4.0,,,44,No,Yes,Regular,Online,1
12504,Charlie,,Female,Houston,Clothing,424,2020-01-21 12:00:00,426.646380920178,Credit Card,4.0,Bad,3016.917949328618,43,No,No,Regular,Both,0
12967,Alice,47.0,Male,San Francisco,Clothing,621,2020-01-21 13:00:00,222.6948300898304,Bank Transfer,1.0,,2278.35754337356,77,No,No,Regular,In-store,0
12786,Charlie,63.0,Female,San Francisco,Toys,588,2020-01-21 14:00:00,464.9758167707905,Cash,2.0,,5881.323722102059,81,No,No,VIP,Both,0
11122,,37.0,Other,San Francisco,Toys,496,2020-01-21 15:00:00,299.2465451602438,Credit Card,4.0,Average,2392.591156314322,9,No,Yes,New,Online,1
14079,,56.0,Male,Los Angeles,Clothing,995,2020-01-21 16:00:00,318.7034963687964,PayPal,3.0,Good,3625.436070278528,31,Yes,No,New,Both,0
11571,Bob,29.0,Male,New York,Home Appliances,454,2020-01-21 17:00:00,424.2554088333773,PayPal,5.0,,5598.948896630971,24,No,No,New,Online,1
15073,Alice,,Female,Los Angeles,Home Appliances,387,2020-01-21 18:00:00,155.4321004754011,Bank Transfer,4.0,Average,1718.703112955102,11,Yes,No,New,Online,1
15104,Charlie,34.0,Female,Los Angeles,Books,558,2020-01-21 19:00:00,183.5902034505366,Cash,1.0,,1692.900754553466,73,No,No,Regular,Both,0
12143,John,59.0,Male,Chicago,Books,723,2020-01-21 20:00:00,453.9164404053757,Bank Transfer,2.0,Good,3061.150669509055,28,No,No,New,Online,0
19879,Bob,47.0,Other,Chicago,Toys,635,2020-01-21 21:00:00,451.4721130589942,Bank Transfer,1.0,,5436.003038599545,30,Yes,No,New,In-store,0
16806,Bob,46.0,Other,Los Angeles,Clothing,390,2020-01-21 22:00:00,488.4765603384267,Bank Transfer,5.0,Bad,6628.462003816474,99,No,No,VIP,Both,0
17357,John,36.0,Female,Houston,Home Appliances,950,2020-01-21 23:00:00,451.9007750564189,Bank Transfer,5.0,Excellent,4571.829624726683,39,No,No,New,Both,0
13440,Charlie,63.0,Other,Chicago,Clothing,937,2020-01-22 00:00:00,72.41229765634684,PayPal,1.0,Excellent,992.3979740800303,22,Yes,No,New,Online,1
13766,Eve,28.0,Other,Los Angeles,Electronics,267,2020-01-22 01:00:00,413.6249002071238,Cash,4.0,,5372.59592493125,66,No,No,Regular,Online,0
15644,John,51.0,Female,New York,Clothing,720,2020-01-22 02:00:00,210.8208542737011,Bank Transfer,4.0,Good,3137.757721857125,97,Yes,No,VIP,Online,0
12914,Charlie,,Other,Houston,Electronics,527,2020-01-22 03:00:00,495.4926644135095,Cash,2.0,Excellent,4728.767493350737,46,Yes,No,Regular,In-store,0
14968,John,24.0,Female,San Francisco,Books,801,2020-01-22 04:00:00,241.4176725211125,PayPal,2.0,,2480.795437386067,85,No,No,VIP,Online,0
15917,John,61.0,Male,Los Angeles,Books,589,2020-01-22 05:00:00,281.3796804260881,PayPal,3.0,Excellent,3687.955993940532,17,No,No,New,Both,1
18787,Alice,51.0,Female,Los Angeles,Toys,454,2020-01-22 06:00:00,269.5897084758313,Credit Card,3.0,Excellent,2151.79054887152,12,No,No,New,Online,1
10728,Charlie,37.0,Male,Houston,Clothing,295,2020-01-22 07:00:00,167.6511446305561,Credit Card,2.0,,2054.170824109121,82,No,No,VIP,Online,0
11365,Eve,67.0,Male,Chicago,Clothing,644,2020-01-22 08:00:00,46.7608235575299,Cash,3.0,Average,359.7940245993741,16,No,No,New,In-store,1
14492,Alice,55.0,Other,Chicago,Electronics,816,2020-01-22 09:00:00,448.8691028969401,Credit Card,1.0,,5925.086655092781,19,No,No,New,Online,1
10698,John,41.0,Other,Chicago,Books,923,2020-01-22 10:00:00,403.3111481378805,Bank Transfer,4.0,Good,5296.097396679053,46,Yes,No,Regular,Online,0
17186,John,27.0,Other,San Francisco,Electronics,793,2020-01-22 11:00:00,78.36812247423795,Cash,3.0,,793.0222511413829,90,No,Yes,VIP,Both,1
10395,John,49.0,Female,Houston,Books,758,2020-01-22 12:00:00,390.6164529615357,PayPal,3.0,Bad,3022.199437382556,79,No,Yes,Regular,Both,1
17400,Charlie,69.0,Other,Houston,Electronics,879,2020-01-22 13:00:00,316.6648663647989,PayPal,1.0,Good,2628.991849161657,91,Yes,Yes,VIP,Online,1
18082,Charlie,32.0,Male,Chicago,Books,110,2020-01-22 14:00:00,210.4804560796349,Bank Transfer,5.0,Good,3149.851725665252,85,No,No,VIP,Online,0
14171,Alice,54.0,Other,Chicago,Electronics,681,2020-01-22 15:00:00,,Credit Card,2.0,,,91,No,No,VIP,Online,0
14360,Eve,37.0,Other,New York,Books,355,2020-01-22 16:00:00,431.2671039160939,Cash,1.0,,4966.347566496705,8,No,No,New,In-store,1
12502,Alice,20.0,Female,New York,Electronics,495,2020-01-22 17:00:00,353.092247054086,Cash,5.0,,4275.746279901269,15,Yes,No,New,In-store,1
10717,Bob,54.0,Female,Los Angeles,Clothing,830,2020-01-22 18:00:00,278.3925556398771,Bank Transfer,1.0,Good,3167.049160267865,2,No,No,New,In-store,1
12782,John,57.0,Male,Los Angeles,Toys,908,2020-01-22 19:00:00,308.6885816102474,Credit Card,4.0,Average,2428.019997540518,31,Yes,Yes,New,In-store,1
14946,John,25.0,Female,Houston,Electronics,508,2020-01-22 20:00:00,54.62242922026868,Cash,1.0,Good,548.0324805980158,97,No,No,VIP,In-store,0
15486,John,57.0,Other,Houston,Toys,461,2020-01-22 21:00:00,242.220682846484,Bank Transfer,1.0,,3250.636798310987,58,No,No,Regular,In-store,0
18335,Alice,61.0,Female,San Francisco,Clothing,358,2020-01-22 22:00:00,104.913143464994,Cash,4.0,,1548.469643377837,62,No,Yes,Regular,Online,1
14980,Alice,40.0,Male,San Francisco,Clothing,102,2020-01-22 23:00:00,112.1080027143244,PayPal,2.0,Average,1539.237430094055,19,Yes,No,New,In-store,1
17266,John,57.0,Other,New York,Books,183,2020-01-23 00:00:00,334.0389415205647,Cash,5.0,Good,4759.926984669323,30,No,No,New,Online,0
14491,Alice,28.0,Male,Los Angeles,Toys,255,2020-01-23 01:00:00,456.5155143988011,Cash,3.0,Average,5526.176326358177,38,Yes,No,New,Both,0
17192,Charlie,63.0,Female,New York,Home Appliances,762,2020-01-23 02:00:00,207.8407391343898,Cash,2.0,Good,2427.837220459874,41,No,No,Regular,In-store,0
15588,Charlie,25.0,Female,New York,Books,275,2020-01-23 03:00:00,111.7971437759733,Credit Card,1.0,Good,673.8157471925474,73,No,Yes,Regular,Online,1
17651,Alice,46.0,Male,Los Angeles,Toys,806,2020-01-23 04:00:00,327.8859992459606,Credit Card,3.0,Excellent,3498.633880031628,34,No,No,New,Online,0
13636,John,47.0,Other,San Francisco,Electronics,571,2020-01-23 05:00:00,436.8816527116557,Bank Transfer,4.0,,6318.96314457165,12,No,No,New,In-store,1
11167,Alice,27.0,Female,Los Angeles,Electronics,718,2020-01-23 06:00:00,376.6762125500205,Credit Card,2.0,,4239.677551218754,89,No,No,VIP,In-store,0
11062,Alice,56.0,Female,Chicago,Clothing,523,2020-01-23 07:00:00,435.6910429629277,Cash,5.0,,3624.723728736379,22,No,No,New,Both,1
12156,Alice,45.0,Other,Chicago,Home Appliances,233,2020-01-23 08:00:00,272.9117887952917,Cash,,Average,3897.498903929077,76,No,No,Regular,Online,0
17860,Bob,66.0,Female,Chicago,Electronics,887,2020-01-23 09:00:00,378.4193597409035,Credit Card,2.0,,3969.992846542809,48,No,No,Regular,In-store,0
15161,Charlie,,Male,Houston,Toys,963,2020-01-23 10:00:00,78.63163408587887,Credit Card,3.0,Excellent,521.1009829352287,72,Yes,No,Regular,Online,0
15305,Eve,30.0,Female,San Francisco,Toys,479,2020-01-23 11:00:00,180.6545615279638,Cash,4.0,,1828.437886511624,49,No,No,Regular,Online,0
16541,Eve,49.0,Female,San Francisco,Electronics,766,2020-01-23 12:00:00,200.879090595946,Cash,4.0,Good,2761.087781480248,32,No,No,New,Both,0
14729,Bob,53.0,Other,Houston,Toys,376,2020-01-23 13:00:00,260.534915660557,PayPal,2.0,,1390.762915013049,87,Yes,No,VIP,Both,0
19348,Alice,54.0,Male,New York,Toys,335,2020-01-23 14:00:00,465.2474165258436,Bank Transfer,4.0,Excellent,4720.318783938503,25,Yes,Yes,New,Online,1
17330,Bob,43.0,Other,Chicago,Clothing,851,2020-01-23 15:00:00,438.4053145088654,Credit Card,3.0,,3198.562689451689,47,No,Yes,Regular,Both,1
15334,Bob,39.0,Female,Chicago,Home Appliances,981,2020-01-23 16:00:00,75.91749122170042,Bank Transfer,3.0,Good,848.2029132924288,87,No,No,VIP,Both,0
18924,John,,Female,New York,Clothing,112,2020-01-23 17:00:00,94.66692942240697,Cash,5.0,,1363.314861509928,72,No,No,Regular,Online,0
14330,Charlie,48.0,Other,Los Angeles,Home Appliances,441,2020-01-23 18:00:00,185.2438692985666,Bank Transfer,4.0,Excellent,2034.953913840825,22,Yes,No,New,Both,1
18010,Eve,35.0,Other,Los Angeles,Toys,134,2020-01-23 19:00:00,152.4644942864302,Credit Card,5.0,Good,788.583312941576,94,No,No,VIP,Online,0
16801,Alice,55.0,Other,San Francisco,Home Appliances,658,2020-01-23 20:00:00,311.2377670465685,Credit Card,1.0,,3394.423707736546,38,Yes,No,New,Both,0
14846,Eve,41.0,Male,Houston,Toys,313,2020-01-23 21:00:00,452.360263404627,Bank Transfer,3.0,Bad,5035.67607593094,27,No,No,New,Online,0
16731,Eve,40.0,Female,San Francisco,Toys,511,2020-01-23 22:00:00,481.5228554195675,Credit Card,2.0,,2684.776027678933,46,Yes,No,Regular,Online,0
17241,Charlie,,Other,Los Angeles,Clothing,504,2020-01-23 23:00:00,330.265446742261,PayPal,3.0,,4569.333636276281,15,No,No,New,Online,1
10953,Eve,19.0,Female,New York,Clothing,593,2020-01-24 00:00:00,420.6980086865325,Cash,1.0,,2531.12494580498,28,No,Yes,New,Both,1
12539,Eve,48.0,Male,San Francisco,Books,757,2020-01-24 01:00:00,267.3490781130906,Cash,2.0,,3032.841277666897,69,No,No,Regular,Both,0
17056,Bob,28.0,Male,Chicago,Electronics,258,2020-01-24 02:00:00,112.0802039614195,Credit Card,4.0,,739.5839619417504,96,Yes,No,VIP,Online,0
11542,Charlie,45.0,Male,Chicago,Books,736,2020-01-24 03:00:00,267.0973219258039,Cash,4.0,Excellent,2110.961551869013,17,Yes,No,New,Both,1
15293,John,63.0,Male,New York,Books,209,2020-01-24 04:00:00,281.990474704449,PayPal,3.0,Excellent,2189.146287698507,79,No,No,Regular,In-store,0
11191,Alice,49.0,Female,Los Angeles,Home Appliances,648,2020-01-24 05:00:00,,Credit Card,2.0,Excellent,,100,No,No,VIP,Online,0
16313,Eve,22.0,Male,Chicago,Toys,888,2020-01-24 06:00:00,117.7426649566011,PayPal,2.0,Good,1218.560414363435,56,No,No,Regular,In-store,0
16938,Alice,55.0,Male,Chicago,Toys,625,2020-01-24 07:00:00,190.4720872224985,PayPal,5.0,,2089.097229412078,26,No,No,New,In-store,1
12681,John,27.0,Other,Houston,Toys,446,2020-01-24 08:00:00,188.3734599151375,Cash,1.0,Good,2198.388109787781,18,No,Yes,New,Both,1
19409,,57.0,Male,San Francisco,Electronics,843,2020-01-24 09:00:00,,Cash,4.0,Average,,37,No,Yes,New,Both,1
11540,John,63.0,Other,Los Angeles,Home Appliances,927,2020-01-24 10:00:00,,Bank Transfer,3.0,,,95,Yes,No,VIP,In-store,0
16172,Bob,41.0,Male,San Francisco,Home Appliances,735,2020-01-24 11:00:00,379.9960439760918,PayPal,2.0,Average,3480.173576819529,91,Yes,No,VIP,Online,0
15541,Eve,52.0,Male,Los Angeles,Toys,378,2020-01-24 12:00:00,377.8975768734751,Cash,4.0,Excellent,2536.683489389102,42,No,No,Regular,Both,0
19580,John,61.0,Other,Chicago,Books,578,2020-01-24 13:00:00,140.1166505535883,PayPal,3.0,Average,1102.999929314737,10,No,No,New,In-store,1
11365,Alice,65.0,Male,Houston,Electronics,210,2020-01-24 14:00:00,,Bank Transfer,4.0,,,96,Yes,No,VIP,In-store,0
18691,Eve,40.0,Female,San Francisco,Books,735,2020-01-24 15:00:00,448.2084177261376,PayPal,3.0,Average,6497.712020687273,84,Yes,No,VIP,Online,0
19872,Bob,34.0,Female,Chicago,Clothing,530,2020-01-24 16:00:00,242.8468825339052,Credit Card,4.0,Good,1655.881762725387,38,Yes,No,New,Both,0
18702,Eve,18.0,Male,Los Angeles,Home Appliances,641,2020-01-24 17:00:00,473.1075785978476,Bank Transfer,5.0,,5380.573723476948,30,Yes,No,New,Online,0
17494,John,48.0,Female,San Francisco,Home Appliances,214,2020-01-24 18:00:00,115.0845323688392,Bank Transfer,1.0,,1483.144304137405,23,No,No,New,Online,1
14312,Bob,48.0,Other,San Francisco,Books,189,2020-01-24 19:00:00,,PayPal,4.0,,,3,No,No,New,In-store,1
11324,Alice,59.0,Male,Chicago,Electronics,311,2020-01-24 20:00:00,446.8123978409272,PayPal,1.0,Bad,2737.063480628569,51,No,No,Regular,Online,0
19347,Bob,59.0,Male,San Francisco,Home Appliances,649,2020-01-24 21:00:00,425.3637870014862,Cash,4.0,Bad,2500.631551774433,18,No,No,New,Online,1
13141,Bob,51.0,Other,Houston,Books,694,2020-01-24 22:00:00,496.3690392075839,Credit Card,2.0,Good,4195.486890414138,66,No,No,Regular,Online,0
17419,Charlie,26.0,Other,Houston,Electronics,638,2020-01-24 23:00:00,342.9028091750887,Bank Transfer,5.0,Good,4055.972900143732,93,No,No,VIP,In-store,0
13486,Bob,39.0,Other,Chicago,Books,828,2020-01-25 00:00:00,468.9770840669033,Bank Transfer,5.0,,4113.099827031909,18,No,No,New,In-store,1
11810,,30.0,Male,Los Angeles,Electronics,459,2020-01-25 01:00:00,415.2050222912143,Bank Transfer,1.0,Excellent,2934.054167182775,99,Yes,Yes,VIP,Online,1
16588,Eve,42.0,Other,Chicago,Toys,585,2020-01-25 02:00:00,423.7689032288425,Cash,2.0,Bad,4851.735721257791,3,No,No,New,Online,1
12923,Alice,65.0,Other,Houston,Electronics,471,2020-01-25 03:00:00,288.8793695225914,Credit Card,3.0,,3119.059105373881,67,No,No,Regular,Online,0
15301,,35.0,Female,New York,Clothing,314,2020-01-25 04:00:00,197.3586529791883,Bank Transfer,5.0,Excellent,2865.700233943726,18,No,No,New,In-store,1
14186,Eve,68.0,Female,New York,Toys,832,2020-01-25 05:00:00,467.9334555462081,Bank Transfer,2.0,Bad,3602.140299902072,87,No,Yes,VIP,Online,1
18905,John,29.0,Male,San Francisco,Books,114,2020-01-25 06:00:00,221.7374160517883,Cash,2.0,,1889.499568695039,76,Yes,Yes,Regular,In-store,1
15977,Eve,57.0,Female,San Francisco,Toys,358,2020-01-25 07:00:00,274.0214899523378,PayPal,1.0,,3796.466006004315,62,No,Yes,Regular,In-store,1
14268,Charlie,34.0,Female,New York,Toys,877,2020-01-25 08:00:00,228.596010491342,Bank Transfer,2.0,,2801.189322140629,97,No,No,VIP,Online,0
14748,Charlie,32.0,Other,Houston,Books,562,2020-01-25 09:00:00,286.7609738404966,Credit Card,2.0,,2535.248434266371,87,No,No,VIP,Online,0
14849,John,59.0,Other,San Francisco,Books,219,2020-01-25 10:00:00,240.5474887062403,Credit Card,3.0,,3313.537054608684,48,Yes,No,Regular,Online,0
19435,Alice,32.0,Female,Chicago,Clothing,227,2020-01-25 11:00:00,33.50410370394318,Credit Card,1.0,Good,232.6559128586952,69,No,No,Regular,Online,0
13709,Alice,32.0,Female,Chicago,Books,822,2020-01-25 12:00:00,442.2036111437723,Credit Card,1.0,Excellent,5687.828457823618,90,No,Yes,VIP,In-store,1
19273,Eve,56.0,Female,Houston,Home Appliances,622,2020-01-25 13:00:00,227.7529712687272,Cash,2.0,Good,1757.674247062957,84,Yes,No,VIP,Online,0
16619,Eve,30.0,Male,San Francisco,Home Appliances,787,2020-01-25 14:00:00,298.5823877686009,Bank Transfer,3.0,,3846.977463428671,42,No,No,Regular,Online,0
18647,Eve,34.0,Male,Chicago,Clothing,744,2020-01-25 15:00:00,78.20202335141364,Cash,4.0,Average,1044.929379718514,77,No,No,Regular,Online,0
19086,Alice,49.0,Male,San Francisco,Electronics,424,2020-01-25 16:00:00,11.66004551149318,Credit Card,,Excellent,84.21267447057252,75,No,No,Regular,Online,0
19576,Bob,26.0,Female,San Francisco,Electronics,419,2020-01-25 17:00:00,130.1921458853851,Credit Card,1.0,Bad,1252.506006120994,99,No,No,VIP,In-store,0
13072,Charlie,57.0,Female,Chicago,Home Appliances,605,2020-01-25 18:00:00,355.2471557453416,Credit Card,3.0,Average,3622.327075999383,82,No,No,VIP,In-store,0
16530,Bob,37.0,Male,New York,Books,625,2020-01-25 19:00:00,58.60531975531051,Cash,3.0,Excellent,507.8803487635844,15,No,Yes,New,Online,1
10504,Bob,43.0,Male,Chicago,Clothing,149,2020-01-25 20:00:00,455.3548457893692,Credit Card,2.0,,5158.387386367228,64,Yes,No,Regular,Online,0
11214,Alice,44.0,Female,Houston,Electronics,683,2020-01-25 21:00:00,115.3610589845304,Bank Transfer,5.0,,1125.221726487694,57,No,No,Regular,Both,0
11531,Bob,38.0,Other,Los Angeles,Electronics,168,2020-01-25 22:00:00,110.2508710029701,Credit Card,1.0,Average,748.196129550367,41,No,No,Regular,In-store,0
17576,John,35.0,Male,Chicago,Toys,490,2020-01-25 23:00:00,98.9389011945328,Bank Transfer,4.0,Excellent,1277.316695103946,93,No,No,VIP,Online,0
10823,Eve,30.0,Female,San Francisco,Home Appliances,482,2020-01-26 00:00:00,,Bank Transfer,2.0,,,1,No,No,New,In-store,1
10928,John,,Female,San Francisco,Books,115,2020-01-26 01:00:00,388.1846795543349,Credit Card,1.0,Bad,4960.576222471911,30,No,No,New,In-store,0
15029,Charlie,26.0,Other,Chicago,Clothing,538,2020-01-26 02:00:00,438.7669203101767,Cash,1.0,Good,3590.558084649848,97,No,No,VIP,Online,0
10133,Eve,29.0,Female,Los Angeles,Electronics,945,2020-01-26 03:00:00,,PayPal,3.0,Average,,6,No,No,New,Online,1
12105,Bob,61.0,Female,Chicago,Toys,968,2020-01-26 04:00:00,102.2179910231325,PayPal,5.0,Excellent,1061.951470206101,50,Yes,No,Regular,Online,0
13627,Charlie,55.0,Male,Los Angeles,Home Appliances,667,2020-01-26 05:00:00,149.7862185010311,Bank Transfer,,Average,1559.20507890968,27,No,No,New,In-store,0
16316,Eve,36.0,Male,Los Angeles,Home Appliances,716,2020-01-26 06:00:00,243.204081708832,Cash,5.0,Bad,2574.157085436073,56,No,No,Regular,Online,0
11852,Bob,,Other,Houston,Clothing,231,2020-01-26 07:00:00,,PayPal,3.0,Excellent,,34,Yes,No,New,Online,0
14910,John,52.0,Other,San Francisco,Electronics,659,2020-01-26 08:00:00,131.202172190694,Credit Card,4.0,,890.3367919496771,54,Yes,No,Regular,Online,0
14175,Eve,,Female,San Francisco,Clothing,347,2020-01-26 09:00:00,368.5064929207451,Credit Card,4.0,,2946.932414453125,66,Yes,Yes,Regular,Online,1
15348,Bob,35.0,Male,Los Angeles,Clothing,372,2020-01-26 10:00:00,225.329629413531,Bank Transfer,2.0,Excellent,1161.976740818848,61,No,Yes,Regular,Online,1
19442,John,33.0,Other,San Francisco,Toys,722,2020-01-26 11:00:00,155.9452006964107,Cash,4.0,Average,1515.26647746305,69,No,No,Regular,Online,0
16190,Charlie,56.0,Other,New York,Home Appliances,937,2020-01-26 12:00:00,233.3988091408357,Cash,1.0,,2850.116243506929,27,Yes,No,New,In-store,0
11256,Charlie,21.0,Other,Los Angeles,Books,947,2020-01-26 13:00:00,44.89129159520394,PayPal,5.0,,274.2508912041342,61,Yes,Yes,Regular,In-store,1
13376,Charlie,42.0,Female,San Francisco,Home Appliances,448,2020-01-26 14:00:00,401.3568117558776,PayPal,5.0,,2147.686038957413,49,Yes,No,Regular,In-store,0
15645,Charlie,49.0,Male,New York,Home Appliances,583,2020-01-26 15:00:00,129.2179447116539,Credit Card,,Bad,1016.295372123057,74,No,Yes,Regular,Online,1
13486,Alice,57.0,Other,Houston,Toys,649,2020-01-26 16:00:00,365.4519403645555,Bank Transfer,4.0,Excellent,4281.459490062314,91,Yes,No,VIP,Both,0
13584,Eve,30.0,Male,San Francisco,Books,456,2020-01-26 17:00:00,43.49070200961541,Cash,3.0,Average,487.2316918168141,53,No,No,Regular,Both,0
19588,Eve,62.0,Other,New York,Electronics,851,2020-01-26 18:00:00,477.9982925211862,PayPal,1.0,Bad,5181.381164143979,14,No,Yes,New,Both,1
18053,Alice,34.0,Other,Chicago,Books,417,2020-01-26 19:00:00,104.5773428487923,PayPal,2.0,Average,1008.047564568393,6,No,No,New,Online,1
13330,Bob,66.0,Male,Chicago,Electronics,732,2020-01-26 20:00:00,442.5436173414694,Bank Transfer,4.0,,2510.815786464487,28,No,Yes,New,Online,1
12703,Bob,54.0,Male,New York,Books,147,2020-01-26 21:00:00,406.6418727115629,Bank Transfer,3.0,Excellent,2863.603595345801,89,No,No,VIP,In-store,0
18662,Charlie,23.0,Male,Los Angeles,Clothing,109,2020-01-26 22:00:00,484.2513627998938,Credit Card,4.0,Good,3398.081585870989,73,No,No,Regular,In-store,0
18120,John,36.0,Female,Los Angeles,Books,332,2020-01-26 23:00:00,244.1664238634173,Bank Transfer,2.0,Excellent,1579.945659937828,45,No,No,Regular,Both,0
17114,Bob,30.0,Other,San Francisco,Toys,135,2020-01-27 00:00:00,366.4246739845162,Credit Card,3.0,Good,4700.11582038183,35,No,No,New,Online,0
11353,John,43.0,Female,Chicago,Electronics,512,2020-01-27 01:00:00,191.6482219485142,Credit Card,3.0,,1812.405967198678,18,Yes,No,New,In-store,1
15063,Eve,31.0,Male,Los Angeles,Home Appliances,561,2020-01-27 02:00:00,100.34043662965,Bank Transfer,3.0,Good,1110.594551456721,71,No,Yes,Regular,Both,1
18549,John,48.0,Other,Los Angeles,Toys,103,2020-01-27 03:00:00,227.1072071373899,Bank Transfer,3.0,Good,2630.42841461335,64,Yes,Yes,Regular,Both,1
17575,Eve,21.0,Female,Chicago,Electronics,143,2020-01-27 04:00:00,91.2170175403429,Bank Transfer,4.0,Bad,1077.461759343905,68,No,No,Regular,In-store,0
10667,Alice,56.0,Other,Houston,Electronics,667,2020-01-27 05:00:00,491.2018651653281,Bank Transfer,3.0,Excellent,6940.810084051701,77,No,No,Regular,In-store,0
14468,Alice,25.0,Female,Los Angeles,Home Appliances,653,2020-01-27 06:00:00,57.16078065895103,Bank Transfer,4.0,Bad,482.2168303650454,22,Yes,No,New,Online,1
19337,Charlie,42.0,Male,New York,Clothing,354,2020-01-27 07:00:00,298.713744491784,Credit Card,3.0,,3994.587779652276,26,No,No,New,Online,1
16819,Bob,30.0,Female,San Francisco,Toys,839,2020-01-27 08:00:00,316.9672890744874,PayPal,3.0,,4102.943078058271,12,No,No,New,Online,1
13719,Charlie,49.0,Other,Los Angeles,Home Appliances,213,2020-01-27 09:00:00,273.6589760082866,Cash,,Good,1804.224922345221,43,Yes,No,Regular,Both,0
12745,Eve,55.0,Other,Los Angeles,Home Appliances,848,2020-01-27 10:00:00,334.4710839987985,Cash,4.0,Bad,3300.819884507688,14,Yes,Yes,New,Both,1
17483,Charlie,55.0,Other,Houston,Clothing,496,2020-01-27 11:00:00,66.92857975582656,Credit Card,4.0,Bad,473.6046868473923,42,No,No,Regular,In-store,0
10539,John,45.0,Other,New York,Toys,273,2020-01-27 12:00:00,281.9590768605926,Credit Card,5.0,,1815.947773118557,76,No,No,Regular,In-store,0
14964,Eve,47.0,Male,San Francisco,Home Appliances,354,2020-01-27 13:00:00,150.7341598524071,PayPal,2.0,Excellent,1382.633560829288,12,Yes,No,New,Online,1
14835,Alice,20.0,Female,Los Angeles,Clothing,565,2020-01-27 14:00:00,470.6862710175178,Bank Transfer,4.0,Average,6050.126706827353,18,No,No,New,Online,1
13775,Bob,45.0,Male,San Francisco,Toys,376,2020-01-27 15:00:00,383.4151101854656,Credit Card,2.0,,5083.302133075804,61,Yes,Yes,Regular,Both,1
16042,Eve,20.0,Male,Chicago,Books,563,2020-01-27 16:00:00,486.5320962582739,Cash,2.0,,6575.284530979951,60,No,No,Regular,Both,0
17102,Eve,62.0,Male,Los Angeles,Electronics,946,2020-01-27 17:00:00,28.40247417269288,Bank Transfer,2.0,,201.2527949385965,85,No,Yes,VIP,Both,1
17312,John,51.0,Other,Los Angeles,Clothing,601,2020-01-27 18:00:00,149.7152558385473,Credit Card,1.0,Bad,1843.554558721076,24,No,Yes,New,In-store,1
15320,Bob,33.0,Other,Chicago,Electronics,540,2020-01-27 19:00:00,105.757067452791,Bank Transfer,4.0,Average,564.8658748849658,52,No,No,Regular,In-store,0
16132,Alice,39.0,Other,Houston,Books,168,2020-01-27 20:00:00,15.46574778279695,Cash,2.0,,119.0860562722443,65,No,Yes,Regular,Both,1
17891,Eve,49.0,Female,Los Angeles,Home Appliances,608,2020-01-27 21:00:00,128.7396078206975,Bank Transfer,1.0,,919.4752049505145,61,Yes,Yes,Regular,Both,1
12779,Eve,55.0,Other,San Francisco,Home Appliances,425,2020-01-27 22:00:00,342.6002319250102,Credit Card,1.0,Average,5021.747950354493,40,No,No,New,Online,0
10924,John,,Female,New York,Toys,841,2020-01-27 23:00:00,123.2335718459386,Credit Card,3.0,Good,1398.43336112601,67,Yes,No,Regular,Online,0
11581,Charlie,,Other,San Francisco,Clothing,166,2020-01-28 00:00:00,259.4116882864829,Cash,3.0,,3232.061293284086,8,No,No,New,Both,1
17714,Alice,23.0,Other,Houston,Clothing,403,2020-01-28 01:00:00,445.0308763328493,PayPal,4.0,,3961.472671146536,67,No,No,Regular,In-store,0
13324,Bob,31.0,Male,New York,Toys,583,2020-01-28 02:00:00,349.9413809710468,PayPal,3.0,Excellent,3854.568072097862,95,No,No,VIP,Online,0
15713,Eve,49.0,Male,San Francisco,Electronics,647,2020-01-28 03:00:00,203.3682442539557,Bank Transfer,4.0,Excellent,2041.703943845611,8,No,Yes,New,Online,1
17026,Eve,,Male,San Francisco,Home Appliances,516,2020-01-28 04:00:00,192.5097800669331,Credit Card,1.0,Excellent,2489.61951214797,77,Yes,No,Regular,In-store,0
10255,Alice,27.0,Female,Chicago,Home Appliances,258,2020-01-28 05:00:00,233.3105488641575,Credit Card,1.0,Average,2694.072557512297,83,No,No,VIP,Both,0
14804,Charlie,20.0,Female,Houston,Clothing,248,2020-01-28 06:00:00,96.75030611935412,Cash,,,621.2056513334078,81,Yes,No,VIP,In-store,0
11838,Eve,29.0,Other,Chicago,Clothing,126,2020-01-28 07:00:00,320.6603760338342,Cash,3.0,Average,4377.961852726794,50,No,No,Regular,Both,0
10009,Alice,66.0,Female,New York,Toys,683,2020-01-28 08:00:00,188.4348813612567,Credit Card,3.0,,2741.561300309525,10,Yes,No,New,Online,1
12871,John,48.0,Other,Chicago,Books,347,2020-01-28 09:00:00,427.6590211384014,Cash,,,4131.051654894694,27,Yes,Yes,New,In-store,1
18989,Charlie,46.0,Female,Houston,Electronics,200,2020-01-28 10:00:00,380.71080342833,PayPal,5.0,Bad,2006.069513515037,31,No,No,New,In-store,0
17409,Bob,22.0,Female,Los Angeles,Books,801,2020-01-28 11:00:00,309.1514504051584,PayPal,3.0,,2605.521070308162,99,Yes,Yes,VIP,Both,1
17418,Eve,69.0,Female,Los Angeles,Books,195,2020-01-28 12:00:00,188.4590890982629,Bank Transfer,2.0,Good,1009.490452761626,81,Yes,Yes,VIP,Online,1
15124,Alice,42.0,Male,New York,Clothing,483,2020-01-28 13:00:00,112.8665975200073,Cash,,,1455.38827902156,10,No,No,New,Online,1
11015,John,58.0,Female,Los Angeles,Clothing,381,2020-01-28 14:00:00,390.3144134117552,Bank Transfer,5.0,Average,5602.465065343415,80,No,No,Regular,Online,0
12193,Bob,48.0,Male,Chicago,Clothing,421,2020-01-28 15:00:00,248.3404585056324,Cash,1.0,,1770.364639544988,43,No,No,Regular,Online,0
18415,Alice,38.0,Male,New York,Books,495,2020-01-28 16:00:00,120.1275187069052,Cash,1.0,Average,1163.519977523893,76,No,No,Regular,In-store,0
17449,Alice,37.0,Female,Houston,Electronics,377,2020-01-28 17:00:00,105.635561369603,PayPal,1.0,,1482.016325880934,34,Yes,No,New,In-store,0
14158,Bob,56.0,Other,New York,Clothing,628,2020-01-28 18:00:00,91.04644320566592,Credit Card,,Excellent,728.2653369616462,11,No,No,New,Online,1
13925,John,39.0,Other,New York,Home Appliances,362,2020-01-28 19:00:00,390.8089861407415,Cash,1.0,,4477.508446087719,4,No,No,New,Online,1
16970,John,21.0,Other,San Francisco,Electronics,718,2020-01-28 20:00:00,122.2037207971527,Cash,5.0,,1562.941316278914,28,No,No,New,In-store,0
16938,Charlie,30.0,Female,San Francisco,Home Appliances,679,2020-01-28 21:00:00,268.0547091273468,Cash,5.0,Excellent,1756.458292212169,91,Yes,No,VIP,Both,0
14784,,62.0,Other,New York,Electronics,739,2020-01-28 22:00:00,231.2577168767977,Credit Card,3.0,Good,2799.048320447955,42,Yes,No,Regular,Online,0
14000,Bob,59.0,Male,Los Angeles,Clothing,392,2020-01-28 23:00:00,294.0093406218591,Bank Transfer,2.0,Good,1957.666069771986,40,Yes,No,New,Both,0
11633,Bob,67.0,Other,San Francisco,Toys,393,2020-01-29 00:00:00,439.8059011818852,Bank Transfer,3.0,,2330.075433455442,85,No,Yes,VIP,Online,1
17266,Bob,66.0,Female,Houston,Clothing,707,2020-01-29 01:00:00,435.196221140048,Cash,1.0,Average,5245.37703473588,95,No,Yes,VIP,Online,1
18702,John,37.0,Other,Chicago,Books,494,2020-01-29 02:00:00,231.0272751941812,Cash,3.0,,2840.372424272087,91,Yes,No,VIP,Online,0
10384,,69.0,Male,San Francisco,Books,612,2020-01-29 03:00:00,17.52946286001442,Bank Transfer,5.0,,134.7990483297437,4,Yes,No,New,In-store,1
10404,Charlie,30.0,Female,New York,Electronics,909,2020-01-29 04:00:00,218.9574648000086,Bank Transfer,3.0,,2567.870961242185,71,Yes,No,Regular,Online,0
18175,Alice,34.0,Other,Los Angeles,Books,279,2020-01-29 05:00:00,307.0348333378288,PayPal,3.0,Average,2622.042020560057,46,No,No,Regular,Online,0
12000,Alice,53.0,Female,Chicago,Clothing,792,2020-01-29 06:00:00,283.3047319580503,Cash,2.0,Bad,1872.033732603386,45,No,No,Regular,In-store,0
19860,Bob,50.0,Female,San Francisco,Home Appliances,334,2020-01-29 07:00:00,329.1546918421007,Bank Transfer,5.0,Excellent,4149.667957169243,7,No,No,New,In-store,1
15989,Eve,18.0,Female,Los Angeles,Clothing,930,2020-01-29 08:00:00,85.49710891181091,PayPal,4.0,Bad,621.123850619879,28,No,Yes,New,Online,1
11460,John,32.0,Other,Los Angeles,Electronics,436,2020-01-29 09:00:00,326.8021984025589,Credit Card,4.0,Bad,1792.541828381966,10,No,No,New,Both,1
17190,Eve,30.0,Female,Los Angeles,Books,107,2020-01-29 10:00:00,99.49929318444839,Cash,5.0,Excellent,688.8826541436023,47,No,No,Regular,Both,0
17140,Eve,34.0,Other,New York,Home Appliances,542,2020-01-29 11:00:00,377.756750541407,Bank Transfer,4.0,Good,2704.673554304503,36,No,No,New,Both,0
13636,John,41.0,Male,Houston,Toys,638,2020-01-29 12:00:00,176.1529304987132,Cash,1.0,,2081.828957351357,67,No,No,Regular,In-store,0
14809,Bob,25.0,Other,Los Angeles,Home Appliances,919,2020-01-29 13:00:00,357.8487623569122,PayPal,4.0,Bad,2307.937335001672,31,No,Yes,New,Online,1
14178,Eve,67.0,Male,Chicago,Home Appliances,757,2020-01-29 14:00:00,33.45414346399247,Bank Transfer,1.0,,308.7501282013611,90,Yes,No,VIP,Online,0
17245,Alice,44.0,Other,San Francisco,Clothing,190,2020-01-29 15:00:00,209.8514125395476,Credit Card,5.0,,2326.750964012505,31,No,Yes,New,Both,1
16600,John,62.0,Female,Chicago,Toys,953,2020-01-29 16:00:00,355.466915909033,Credit Card,4.0,Bad,4802.718292711061,84,No,Yes,VIP,Online,1
15997,Charlie,40.0,Other,New York,Electronics,371,2020-01-29 17:00:00,121.1665530024321,PayPal,4.0,Average,1483.175139793073,78,No,Yes,Regular,Online,1
12048,Bob,63.0,Female,New York,Electronics,933,2020-01-29 18:00:00,399.6906519506391,Credit Card,1.0,,5193.379324226235,85,Yes,No,VIP,Online,0
14780,John,25.0,Male,Chicago,Home Appliances,104,2020-01-29 19:00:00,319.0820692214166,Credit Card,,Bad,4479.030979210838,76,No,No,Regular,Both,0
10716,Charlie,25.0,Other,Houston,Home Appliances,693,2020-01-29 20:00:00,297.9052683534012,Credit Card,3.0,Average,3623.05361247098,1,Yes,No,New,Online,1
17939,Charlie,43.0,Female,New York,Books,998,2020-01-29 21:00:00,183.2389385601252,Credit Card,2.0,Average,956.2619908179769,28,No,No,New,Both,0
15565,Eve,64.0,Male,New York,Toys,318,2020-01-29 22:00:00,246.4012204867476,Credit Card,4.0,,1932.451167325465,20,No,Yes,New,Both,1
14544,Eve,30.0,Male,Chicago,Home Appliances,217,2020-01-29 23:00:00,302.701157479148,Credit Card,2.0,,4289.018106453665,77,No,No,Regular,In-store,0
14976,Eve,56.0,Other,New York,Books,692,2020-01-30 00:00:00,241.5064358182963,Credit Card,2.0,,3561.691647235458,96,No,No,VIP,Online,0
13419,John,54.0,Male,Houston,Toys,681,2020-01-30 01:00:00,352.1735287308745,Bank Transfer,4.0,Bad,3067.10752803082,43,No,No,Regular,Online,0
17239,John,66.0,Female,Houston,Electronics,214,2020-01-30 02:00:00,222.5114972224102,Credit Card,1.0,Good,1432.397519622867,20,Yes,No,New,Online,1
19766,,45.0,Male,Houston,Books,362,2020-01-30 03:00:00,109.1138590535949,Bank Transfer,3.0,,1272.964420660315,43,Yes,No,Regular,Both,0
10249,Eve,42.0,Male,San Francisco,Toys,405,2020-01-30 04:00:00,114.8275535725132,Cash,,,1611.434705127885,3,No,No,New,In-store,1
18865,Charlie,33.0,Female,Houston,Books,753,2020-01-30 05:00:00,12.84384673304114,PayPal,4.0,Good,112.883962239547,69,No,No,Regular,In-store,0
10770,Alice,19.0,Male,Houston,Home Appliances,521,2020-01-30 06:00:00,157.4692806237495,Credit Card,,,1019.203841920262,78,No,No,Regular,Both,0
14363,Bob,35.0,Male,San Francisco,Clothing,306,2020-01-30 07:00:00,376.9696438344746,PayPal,5.0,Good,3756.138630522453,52,No,No,Regular,Online,0
11077,John,34.0,Male,Los Angeles,Electronics,722,2020-01-30 08:00:00,399.1397273304287,Credit Card,2.0,Good,2187.017673383065,23,Yes,No,New,Online,1
18427,Bob,47.0,Male,New York,Home Appliances,402,2020-01-30 09:00:00,109.2090956269175,Bank Transfer,3.0,Excellent,1158.478444433139,37,Yes,No,New,Both,0
18580,Bob,56.0,Female,Houston,Home Appliances,211,2020-01-30 10:00:00,479.9315584669898,Credit Card,2.0,Average,2624.298596104041,89,No,No,VIP,Both,0
17901,Bob,30.0,Male,New York,Toys,516,2020-01-30 11:00:00,256.1773688052621,Cash,5.0,Average,3142.097525738478,24,No,No,New,In-store,1
14858,Bob,49.0,Female,Chicago,Books,654,2020-01-30 12:00:00,459.3195870190663,PayPal,5.0,Average,2745.41289885999,72,No,No,Regular,Online,0
16544,Alice,67.0,Male,New York,Electronics,958,2020-01-30 13:00:00,,PayPal,3.0,,,71,Yes,Yes,Regular,Both,1
14719,Eve,46.0,Male,San Francisco,Home Appliances,384,2020-01-30 14:00:00,363.9923772809824,Cash,5.0,Good,5150.006698853928,14,No,No,New,Online,1
12814,Charlie,63.0,Male,New York,Toys,739,2020-01-30 15:00:00,,Bank Transfer,5.0,Excellent,,26,No,No,New,Both,1
13374,Bob,47.0,Male,New York,Electronics,284,2020-01-30 16:00:00,117.795652179496,Bank Transfer,3.0,,1506.513864900365,11,No,No,New,Both,1
11252,Bob,35.0,Female,New York,Books,840,2020-01-30 17:00:00,14.31926831429159,Cash,4.0,Excellent,202.0576364148958,49,No,No,Regular,Both,0
16996,Bob,30.0,Female,Los Angeles,Home Appliances,320,2020-01-30 18:00:00,360.9025438336014,PayPal,2.0,,3248.432228920841,23,No,No,New,Both,1
14673,Eve,60.0,Female,Los Angeles,Home Appliances,963,2020-01-30 19:00:00,178.7747613299699,Credit Card,4.0,,2067.317502578935,29,No,No,New,Online,0
14530,John,38.0,Other,Chicago,Home Appliances,543,2020-01-30 20:00:00,395.4597328774099,Bank Transfer,4.0,,5841.085462153505,7,Yes,No,New,Online,1
16881,John,47.0,Male,San Francisco,Electronics,216,2020-01-30 21:00:00,176.0787477691429,Credit Card,2.0,Excellent,2376.434544632356,98,Yes,Yes,VIP,Both,1
16949,Alice,38.0,Male,New York,Electronics,169,2020-01-30 22:00:00,411.473538626442,PayPal,4.0,Bad,4400.631854801561,17,Yes,Yes,New,Online,1
19521,John,65.0,Female,New York,Electronics,997,2020-01-30 23:00:00,74.04214433667337,Credit Card,3.0,,674.4386356760433,90,Yes,No,VIP,In-store,0
16241,Bob,34.0,Other,New York,Electronics,169,2020-01-31 00:00:00,94.95284681117901,Cash,2.0,Average,645.2059878755337,58,Yes,No,Regular,In-store,0
18017,Bob,57.0,Male,New York,Toys,721,2020-01-31 01:00:00,177.0295043961289,Bank Transfer,1.0,Good,1172.406126285716,30,No,Yes,New,Online,1
16941,Bob,36.0,Female,Los Angeles,Clothing,526,2020-01-31 02:00:00,210.1588205523139,Bank Transfer,4.0,Bad,1771.607215273812,26,No,Yes,New,Online,1
19550,Alice,,Male,Chicago,Toys,743,2020-01-31 03:00:00,180.8643773130594,Cash,5.0,Bad,2639.867234540189,89,No,Yes,VIP,In-store,1
17002,Bob,32.0,Male,Houston,Home Appliances,667,2020-01-31 04:00:00,384.1870459363777,Cash,2.0,,4909.751675924725,5,Yes,No,New,Online,1
11331,John,26.0,Female,San Francisco,Toys,542,2020-01-31 05:00:00,57.50618238709021,Bank Transfer,1.0,Bad,326.5041710795039,95,No,No,VIP,Both,0
14261,Eve,69.0,Female,New York,Books,700,2020-01-31 06:00:00,,Bank Transfer,5.0,,,50,No,No,Regular,Online,0
17648,Eve,27.0,Male,Chicago,Electronics,236,2020-01-31 07:00:00,420.2475997625751,Bank Transfer,1.0,Excellent,5624.724105966392,8,No,No,New,Online,1
19550,Charlie,61.0,Male,Houston,Books,603,2020-01-31 08:00:00,42.73056785846428,PayPal,4.0,Average,341.9423447446126,56,No,No,Regular,Both,0
15115,John,48.0,Female,Chicago,Books,230,2020-01-31 09:00:00,471.7483187589651,PayPal,5.0,,5935.561235390002,44,No,Yes,Regular,Online,1
14637,Bob,40.0,Male,Los Angeles,Home Appliances,317,2020-01-31 10:00:00,493.2952527132863,PayPal,4.0,,6858.235384684757,50,No,No,Regular,Both,0
14854,Eve,69.0,Male,Houston,Electronics,787,2020-01-31 11:00:00,,Credit Card,5.0,,,14,No,No,New,Both,1
13177,John,47.0,Female,Chicago,Books,270,2020-01-31 12:00:00,,PayPal,2.0,,,71,No,Yes,Regular,Online,1
17730,,50.0,Male,Los Angeles,Home Appliances,574,2020-01-31 13:00:00,192.4763263573245,Bank Transfer,3.0,,2142.749847359559,81,No,No,VIP,In-store,0
12180,Bob,69.0,Male,Chicago,Electronics,711,2020-01-31 14:00:00,390.4317706398357,PayPal,3.0,Excellent,4978.232636320134,75,No,Yes,Regular,Online,1
14892,Eve,26.0,Other,Chicago,Clothing,228,2020-01-31 15:00:00,302.0041379371996,Bank Transfer,1.0,,1674.385104281129,33,No,No,New,Both,0
17043,Charlie,64.0,Female,Houston,Home Appliances,156,2020-01-31 16:00:00,325.739193241358,Cash,5.0,Bad,3794.413129372172,43,Yes,No,Regular,Both,0
10137,Charlie,18.0,Other,Los Angeles,Toys,280,2020-01-31 17:00:00,381.1798131810679,Credit Card,4.0,,4721.614831964492,79,No,No,Regular,Online,0
16327,Eve,61.0,Other,New York,Electronics,345,2020-01-31 18:00:00,67.8097097241426,Credit Card,2.0,Bad,700.1314289426604,53,No,No,Regular,In-store,0
13472,John,52.0,Other,San Francisco,Books,243,2020-01-31 19:00:00,418.2726338860286,Cash,2.0,Excellent,6190.786022357302,72,No,No,Regular,Both,0
15449,John,28.0,Male,Houston,Books,150,2020-01-31 20:00:00,355.7537040482705,Bank Transfer,2.0,Good,2285.505629532781,33,Yes,No,New,Both,0
12832,John,51.0,Male,Los Angeles,Toys,467,2020-01-31 21:00:00,292.8974453462214,Credit Card,,,3505.09743013899,88,No,Yes,VIP,Online,1
13579,Eve,33.0,Other,Chicago,Toys,558,2020-01-31 22:00:00,445.9703140436978,PayPal,4.0,Good,5856.395600951355,66,No,No,Regular,Online,0
15971,John,26.0,Other,Los Angeles,Books,317,2020-01-31 23:00:00,353.1501134030655,Bank Transfer,2.0,Good,5110.64532816456,55,No,No,Regular,Online,0
14164,Bob,49.0,Other,San Francisco,Electronics,715,2020-02-01 00:00:00,108.8329816892025,Credit Card,2.0,Excellent,1104.515743026904,72,No,Yes,Regular,In-store,1
17941,Charlie,32.0,Male,San Francisco,Home Appliances,994,2020-02-01 01:00:00,220.5752367270767,Cash,1.0,,1823.861658443039,11,Yes,No,New,Online,1
15569,Bob,29.0,Other,New York,Toys,666,2020-02-01 02:00:00,252.0810047985093,Bank Transfer,5.0,,3087.627398185217,76,No,No,Regular,Online,0
14300,John,50.0,Other,New York,Toys,356,2020-02-01 03:00:00,37.05663710769876,Credit Card,5.0,Average,483.4464836434322,1,No,No,New,In-store,1
16269,Bob,62.0,Female,San Francisco,Toys,957,2020-02-01 04:00:00,477.7723815464273,Cash,,Good,3457.211735661851,76,Yes,No,Regular,In-store,0
13818,John,31.0,Female,Houston,Clothing,255,2020-02-01 05:00:00,73.00285779047046,Bank Transfer,1.0,,849.7390969024417,74,No,No,Regular,Online,0
11906,Eve,25.0,Male,Houston,Electronics,664,2020-02-01 06:00:00,351.7560209410962,PayPal,3.0,Bad,4797.059116021532,64,No,No,Regular,In-store,0
16254,Bob,25.0,Female,Chicago,Electronics,541,2020-02-01 07:00:00,258.0532076845313,Bank Transfer,1.0,,2301.866409258425,16,Yes,No,New,Online,1
10760,Eve,,Female,New York,Electronics,940,2020-02-01 08:00:00,22.55980244336707,PayPal,2.0,,133.3675767348178,100,No,No,VIP,Online,0
17830,Eve,29.0,Female,Chicago,Electronics,798,2020-02-01 09:00:00,463.1262631735372,Bank Transfer,4.0,Average,5526.369342800735,54,No,No,Regular,In-store,0
17350,Alice,18.0,Male,New York,Electronics,975,2020-02-01 10:00:00,427.4000363212772,Cash,2.0,,4641.064170976904,54,No,No,Regular,Online,0
16238,John,60.0,Female,San Francisco,Books,761,2020-02-01 11:00:00,266.8863846728794,PayPal,2.0,,1335.937063031226,53,Yes,No,Regular,Online,0
16090,Charlie,57.0,Male,Houston,Toys,875,2020-02-01 12:00:00,122.1817447083282,PayPal,4.0,Average,1678.530533778027,71,Yes,No,Regular,Online,0
16031,John,,Other,Houston,Books,861,2020-02-01 13:00:00,69.59521643324618,Bank Transfer,5.0,,978.4335689142438,13,No,No,New,Online,1
17687,Charlie,68.0,Female,San Francisco,Clothing,909,2020-02-01 14:00:00,188.062314921742,Credit Card,1.0,Bad,2433.381268506288,26,No,Yes,New,Online,1
19091,John,28.0,Male,Chicago,Home Appliances,822,2020-02-01 15:00:00,135.1598577125843,PayPal,3.0,,1472.670442975016,26,No,No,New,Online,1
19911,Eve,56.0,Female,Chicago,Toys,124,2020-02-01 16:00:00,258.2786884930864,Bank Transfer,2.0,Bad,2886.378568983045,37,No,No,New,Online,0
18472,Bob,60.0,Other,Los Angeles,Clothing,905,2020-02-01 17:00:00,483.5405551004802,Cash,2.0,Good,4410.006585812645,85,Yes,No,VIP,Online,0
11887,Bob,48.0,Male,New York,Books,952,2020-02-01 18:00:00,291.7272116825243,Bank Transfer,3.0,,2858.033462201799,36,No,Yes,New,In-store,1
13266,Alice,34.0,Male,Chicago,Home Appliances,763,2020-02-01 19:00:00,446.066217386148,Bank Transfer,1.0,Bad,6024.358287919244,7,No,No,New,Online,1
10666,Charlie,50.0,Male,San Francisco,Clothing,635,2020-02-01 20:00:00,328.9306303729309,PayPal,2.0,,4450.160426374022,26,No,No,New,Both,1
14188,Charlie,49.0,Other,Chicago,Home Appliances,863,2020-02-01 21:00:00,242.8707980277282,Credit Card,3.0,Good,1246.547662749118,2,No,No,New,Both,1
10671,Charlie,46.0,Other,Houston,Clothing,159,2020-02-01 22:00:00,428.7577057393519,Cash,2.0,,2240.398646486635,91,Yes,No,VIP,Online,0
16777,Eve,38.0,Other,New York,Books,566,2020-02-01 23:00:00,240.9703739847688,PayPal,5.0,Bad,2059.499733475896,19,No,No,New,Online,1
17570,Charlie,38.0,Male,Los Angeles,Home Appliances,533,2020-02-02 00:00:00,435.6278035500769,PayPal,5.0,,4539.334712026187,96,No,No,VIP,Online,0
17956,Bob,57.0,Other,New York,Clothing,978,2020-02-02 01:00:00,152.872617092125,PayPal,2.0,Bad,2276.790621285535,94,Yes,No,VIP,Online,0
15124,Eve,,Female,Houston,Books,165,2020-02-02 02:00:00,73.11840614386418,Cash,2.0,,814.9372357560786,65,Yes,No,Regular,Both,0
15585,,23.0,Other,Houston,Toys,664,2020-02-02 03:00:00,429.1040875378398,Credit Card,5.0,,4923.278833824425,30,No,No,New,In-store,0
14777,,39.0,Male,Houston,Books,205,2020-02-02 04:00:00,297.8334302584067,Cash,2.0,,3079.740042650074,2,No,No,New,Both,1
13900,Charlie,67.0,Female,Houston,Books,195,2020-02-02 05:00:00,445.6552751419904,Cash,1.0,,6207.398446992804,74,Yes,Yes,Regular,Online,1
16677,John,55.0,Other,San Francisco,Toys,787,2020-02-02 06:00:00,469.5353314262678,Credit Card,1.0,,2593.497455619619,52,Yes,No,Regular,Online,0
16981,Charlie,54.0,Female,Los Angeles,Books,650,2020-02-02 07:00:00,36.27791128201009,Cash,4.0,,528.4019612612763,38,No,Yes,New,Online,1
16376,John,62.0,Female,Houston,Toys,267,2020-02-02 08:00:00,255.4749579108455,Bank Transfer,1.0,,1946.363812270589,69,No,Yes,Regular,Both,1
10523,,68.0,Male,Houston,Toys,141,2020-02-02 09:00:00,193.7326290465193,Cash,2.0,,2156.886125002531,60,Yes,No,Regular,Online,0
12393,Bob,25.0,Female,Chicago,Toys,978,2020-02-02 10:00:00,316.6706145643574,PayPal,2.0,Good,4041.002552894575,4,No,No,New,Both,1
12593,John,58.0,Female,Los Angeles,Clothing,203,2020-02-02 11:00:00,398.8596866291385,Cash,3.0,,2804.119961051766,39,No,No,New,Online,0
19945,Alice,66.0,Male,New York,Home Appliances,944,2020-02-02 12:00:00,147.4892058274408,PayPal,1.0,,2165.808366143002,41,No,No,Regular,Online,0
17240,John,52.0,Male,Los Angeles,Clothing,303,2020-02-02 13:00:00,282.8312083428541,Cash,,,3642.126402615744,96,Yes,No,VIP,In-store,0
16937,Charlie,68.0,Male,Los Angeles,Toys,619,2020-02-02 14:00:00,357.2770041534008,PayPal,5.0,Excellent,3360.240696113031,68,No,No,Regular,Online,0
16190,Eve,28.0,Female,Los Angeles,Home Appliances,381,2020-02-02 15:00:00,75.87123058950966,PayPal,4.0,Bad,1081.23598493806,35,No,No,New,In-store,0
15240,Eve,,Female,Houston,Home Appliances,142,2020-02-02 16:00:00,408.8927839161208,PayPal,3.0,Good,3115.421442842399,55,Yes,No,Regular,In-store,0
16493,John,66.0,Female,Houston,Toys,209,2020-02-02 17:00:00,306.9937039279568,Credit Card,5.0,Average,3898.988686333224,57,Yes,No,Regular,In-store,0
12878,Bob,38.0,Male,San Francisco,Home Appliances,309,2020-02-02 18:00:00,475.2733441856894,Cash,4.0,,4968.44951735513,20,No,Yes,New,Online,1
14143,Alice,68.0,Other,New York,Home Appliances,848,2020-02-02 19:00:00,,Cash,1.0,Average,,32,Yes,No,New,Both,0
13644,,19.0,Female,Chicago,Clothing,967,2020-02-02 20:00:00,62.99151174522734,Bank Transfer,3.0,Good,926.3586220909156,59,No,No,Regular,Online,0
14432,Charlie,57.0,Other,Los Angeles,Home Appliances,930,2020-02-02 21:00:00,258.1855885080934,Bank Transfer,3.0,,2160.110706924228,67,No,No,Regular,Both,0
11276,Charlie,36.0,Male,New York,Toys,148,2020-02-02 22:00:00,52.04727813762504,Bank Transfer,2.0,Good,261.9807369225939,93,No,Yes,VIP,Both,1
15811,Bob,56.0,Female,New York,Electronics,214,2020-02-02 23:00:00,485.0679964287633,Cash,1.0,Average,3994.490972911015,100,No,No,VIP,Both,0
10302,Eve,45.0,Other,San Francisco,Electronics,254,2020-02-03 00:00:00,28.95562954602385,Credit Card,,Average,367.3371539063733,68,No,Yes,Regular,Online,1
10638,John,34.0,Female,Chicago,Electronics,748,2020-02-03 01:00:00,379.2169115425809,PayPal,4.0,Good,2908.67173887824,6,No,No,New,In-store,1
10055,Charlie,23.0,Female,Los Angeles,Toys,602,2020-02-03 02:00:00,267.3001750896996,Cash,5.0,,2176.660509916289,21,No,No,New,Online,1
18717,Bob,36.0,Female,Chicago,Electronics,778,2020-02-03 03:00:00,190.6241197241615,Credit Card,1.0,Good,1987.28149021502,4,Yes,No,New,Online,1
18150,Eve,55.0,Other,San Francisco,Clothing,932,2020-02-03 04:00:00,42.26266060924078,Credit Card,1.0,Excellent,550.2622960886515,85,No,No,VIP,Online,0
12125,Eve,45.0,Male,Houston,Toys,810,2020-02-03 05:00:00,314.8617928450678,Cash,3.0,,3865.636845129989,84,No,Yes,VIP,Online,1
10364,Eve,19.0,Female,New York,Toys,170,2020-02-03 06:00:00,296.7579614015681,PayPal,3.0,,1929.171315439195,74,Yes,Yes,Regular,Online,1
16809,Eve,55.0,Male,Los Angeles,Toys,618,2020-02-03 07:00:00,147.6328038031239,Credit Card,3.0,,1868.694600033964,20,No,No,New,In-store,1
14621,Eve,54.0,Male,Houston,Home Appliances,811,2020-02-03 08:00:00,456.0086336910529,Cash,,Bad,2783.106660989578,25,Yes,Yes,New,Online,1
15126,Charlie,68.0,Other,San Francisco,Home Appliances,435,2020-02-03 09:00:00,159.0139035979901,PayPal,2.0,,1436.264338752488,41,No,Yes,Regular,In-store,1
15122,Bob,69.0,Other,Chicago,Home Appliances,166,2020-02-03 10:00:00,230.365451190132,Bank Transfer,3.0,,1596.232301027257,47,No,Yes,Regular,Online,1
11646,Eve,21.0,Male,New York,Books,592,2020-02-03 11:00:00,276.4436034001413,Credit Card,,,2574.342763964252,26,No,No,New,Online,1
10918,Alice,39.0,Female,Los Angeles,Clothing,749,2020-02-03 12:00:00,59.11362030638018,Credit Card,2.0,,449.5096948721698,66,No,No,Regular,Both,0
12797,Alice,43.0,Other,Houston,Toys,853,2020-02-03 13:00:00,466.7592424146798,Cash,1.0,,4738.628884609788,50,No,No,Regular,Online,0
16506,Bob,66.0,Female,Houston,Toys,312,2020-02-03 14:00:00,193.5227147010101,Cash,5.0,,1933.012850032149,23,No,No,New,In-store,1
15870,John,60.0,Female,New York,Home Appliances,280,2020-02-03 15:00:00,,PayPal,5.0,,,73,No,No,Regular,Online,0
11531,John,53.0,Female,Chicago,Toys,865,2020-02-03 16:00:00,199.7726751009117,Bank Transfer,4.0,,2839.997322531226,85,No,Yes,VIP,Both,1
18172,John,30.0,Male,San Francisco,Toys,712,2020-02-03 17:00:00,304.0992480753645,Bank Transfer,4.0,,1862.587042393724,2,Yes,No,New,In-store,1
13345,Alice,69.0,Female,Chicago,Electronics,962,2020-02-03 18:00:00,261.6898091924515,Cash,5.0,Excellent,2936.447962868569,65,No,No,Regular,Online,0
17673,John,49.0,Male,Chicago,Toys,698,2020-02-03 19:00:00,350.3255672782643,Cash,,Average,3331.318838089979,85,No,No,VIP,Online,0
16949,,34.0,Male,Chicago,Books,796,2020-02-03 20:00:00,37.18713161327621,PayPal,1.0,,273.0501640787579,69,No,No,Regular,Online,0
16882,Eve,58.0,Female,New York,Home Appliances,702,2020-02-03 21:00:00,149.4248990333075,Cash,1.0,,934.2859670790556,4,No,Yes,New,In-store,1
11906,Alice,53.0,Female,New York,Clothing,347,2020-02-03 22:00:00,411.4229826516501,PayPal,5.0,Average,3175.955596233518,75,No,No,Regular,Online,0
13086,Bob,63.0,Female,San Francisco,Clothing,313,2020-02-03 23:00:00,49.14790701776682,PayPal,3.0,Good,621.0759938723606,85,No,No,VIP,Online,0
18152,Bob,36.0,Female,Chicago,Electronics,458,2020-02-04 00:00:00,429.1881178010192,Bank Transfer,3.0,Excellent,3460.664764300066,93,Yes,No,VIP,In-store,0
15750,Eve,52.0,Male,New York,Clothing,348,2020-02-04 01:00:00,55.02908511778206,PayPal,1.0,,307.4068345192565,92,Yes,No,VIP,Online,0
18905,Alice,63.0,Female,San Francisco,Clothing,737,2020-02-04 02:00:00,418.8825652969311,Bank Transfer,2.0,,3551.327993364013,12,No,Yes,New,Online,1
11062,John,57.0,Female,San Francisco,Home Appliances,980,2020-02-04 03:00:00,186.7863165285761,Bank Transfer,5.0,,2132.195586554215,39,No,No,New,Online,0
11976,John,45.0,Male,Chicago,Home Appliances,615,2020-02-04 04:00:00,309.9824409960357,Bank Transfer,4.0,Average,2569.949740185843,63,No,Yes,Regular,Online,1
11296,Charlie,18.0,Other,Los Angeles,Books,187,2020-02-04 05:00:00,,Cash,3.0,Excellent,,39,No,No,New,Online,0
16229,Charlie,59.0,Other,Chicago,Electronics,762,2020-02-04 06:00:00,,Bank Transfer,2.0,Good,,26,Yes,Yes,New,Online,1
17641,,35.0,Male,Los Angeles,Clothing,275,2020-02-04 07:00:00,115.8097199698662,PayPal,3.0,Average,755.8700006044182,36,Yes,Yes,New,Online,1
10125,Bob,65.0,Other,San Francisco,Books,822,2020-02-04 08:00:00,72.64837077526082,Cash,,Bad,902.0918953906723,76,No,No,Regular,Both,0
14632,Bob,57.0,Male,New York,Electronics,525,2020-02-04 09:00:00,163.0788898630196,PayPal,5.0,,2121.508951012881,98,No,No,VIP,Online,0
16288,Charlie,50.0,Female,Houston,Clothing,870,2020-02-04 10:00:00,262.0477907903999,Cash,5.0,Average,2498.781921050116,52,No,No,Regular,Both,0
13596,Eve,29.0,Female,San Francisco,Clothing,702,2020-02-04 11:00:00,298.4921371468546,PayPal,5.0,,1637.83871386545,31,Yes,No,New,Both,0
16168,John,25.0,Other,New York,Home Appliances,870,2020-02-04 12:00:00,397.035372616074,Credit Card,1.0,,5406.05316183538,21,No,No,New,In-store,1
19795,Charlie,41.0,Female,San Francisco,Toys,802,2020-02-04 13:00:00,331.5575476916957,Credit Card,,,2629.377332241959,67,No,No,Regular,Both,0
17561,Charlie,33.0,Other,Chicago,Electronics,180,2020-02-04 14:00:00,308.291579313481,Credit Card,4.0,,3527.428830385328,13,No,Yes,New,In-store,1
18258,John,,Other,Los Angeles,Clothing,237,2020-02-04 15:00:00,211.7731934680296,PayPal,4.0,,1242.490910329138,79,No,Yes,Regular,Both,1
10232,John,21.0,Female,San Francisco,Electronics,532,2020-02-04 16:00:00,242.166133130468,Cash,5.0,Average,1966.404947017125,57,No,No,Regular,In-store,0
19361,Bob,55.0,Female,New York,Books,569,2020-02-04 17:00:00,213.1152064011887,Bank Transfer,4.0,,2214.56898683327,57,Yes,No,Regular,Both,0
16371,Eve,61.0,Other,Chicago,Books,449,2020-02-04 18:00:00,422.6613547300777,Bank Transfer,3.0,,3714.970326327198,36,No,No,New,In-store,0
14206,Eve,44.0,Female,Houston,Toys,225,2020-02-04 19:00:00,122.7002217487159,PayPal,2.0,,1430.4729944962,94,No,No,VIP,Both,0
19685,John,26.0,Male,Chicago,Clothing,980,2020-02-04 20:00:00,12.80325645556267,PayPal,2.0,,148.7812665535673,94,Yes,No,VIP,In-store,0
17943,,64.0,Female,Los Angeles,Home Appliances,967,2020-02-04 21:00:00,329.1467496408573,PayPal,2.0,Bad,3523.828647517674,77,No,No,Regular,Online,0
16891,Charlie,33.0,Female,Chicago,Clothing,408,2020-02-04 22:00:00,109.2064699830274,PayPal,3.0,Excellent,1415.749121715067,56,No,Yes,Regular,In-store,1
16738,Charlie,29.0,Male,Houston,Electronics,954,2020-02-04 23:00:00,446.1564167918066,Bank Transfer,1.0,Excellent,5304.240412460439,58,No,No,Regular,In-store,0
12472,John,48.0,Female,New York,Books,329,2020-02-05 00:00:00,430.9327015562615,Cash,3.0,,3955.615650389838,99,No,No,VIP,Both,0
12739,Alice,41.0,Female,San Francisco,Electronics,559,2020-02-05 01:00:00,47.59641224482088,Bank Transfer,2.0,,279.2716247551813,43,No,Yes,Regular,Online,1
15401,Bob,31.0,Other,Los Angeles,Toys,444,2020-02-05 02:00:00,62.1303186528979,PayPal,2.0,Excellent,856.5297882984648,79,No,No,Regular,Online,0
11761,John,,Female,Houston,Books,409,2020-02-05 03:00:00,252.6340802008665,Credit Card,2.0,,3265.491099025202,17,No,No,New,In-store,1
10876,John,42.0,Female,Los Angeles,Home Appliances,119,2020-02-05 04:00:00,308.5191047569838,Bank Transfer,4.0,,2025.123391233668,33,No,No,New,Online,0
13812,Charlie,51.0,Male,Chicago,Books,980,2020-02-05 05:00:00,144.705085366298,Credit Card,1.0,Good,1958.678838972583,97,No,No,VIP,Online,0
19504,John,20.0,Other,Los Angeles,Clothing,660,2020-02-05 06:00:00,361.2308811826916,Credit Card,3.0,Bad,5198.018799666639,25,No,No,New,Online,1
11460,John,41.0,Other,Houston,Clothing,746,2020-02-05 07:00:00,301.5088502502471,PayPal,2.0,Excellent,2065.480495752923,22,Yes,Yes,New,Online,1
11733,John,59.0,Other,San Francisco,Books,640,2020-02-05 08:00:00,169.1638137767918,Bank Transfer,5.0,,1959.805375279474,56,No,No,Regular,In-store,0
11605,Charlie,26.0,Female,San Francisco,Toys,659,2020-02-05 09:00:00,22.43202914073464,Cash,,Good,298.5930715169025,98,Yes,No,VIP,Online,0
15622,Bob,43.0,Other,Los Angeles,Clothing,576,2020-02-05 10:00:00,377.5736378362737,Bank Transfer,5.0,,4793.25924224117,38,No,No,New,In-store,0
16767,,37.0,Male,New York,Clothing,368,2020-02-05 11:00:00,115.2292962542905,Cash,1.0,,1639.047401972946,58,No,No,Regular,Both,0
16986,John,57.0,Other,Los Angeles,Home Appliances,102,2020-02-05 12:00:00,418.8921342966879,Cash,2.0,Average,4898.607147554555,94,No,No,VIP,In-store,0
13517,Charlie,27.0,Male,Chicago,Books,869,2020-02-05 13:00:00,215.942227426585,PayPal,1.0,,2371.364925846287,36,No,No,New,Online,0
13735,Bob,36.0,Other,San Francisco,Clothing,115,2020-02-05 14:00:00,292.7679468895651,Cash,1.0,,2253.620974544734,14,Yes,Yes,New,Both,1
19352,Bob,20.0,Other,San Francisco,Toys,705,2020-02-05 15:00:00,437.7448779004109,Bank Transfer,2.0,,2246.147683901242,88,No,No,VIP,Online,0
18434,Bob,41.0,Male,San Francisco,Electronics,457,2020-02-05 16:00:00,433.1752704507771,Bank Transfer,5.0,Good,3006.667931306568,19,No,No,New,Online,1
12590,Charlie,22.0,Other,New York,Books,745,2020-02-05 17:00:00,192.0445918693509,Credit Card,5.0,Average,1825.29599097474,10,Yes,Yes,New,In-store,1
11063,Charlie,,Other,New York,Home Appliances,912,2020-02-05 18:00:00,112.3555574302731,Cash,4.0,Good,1667.539340263387,54,No,No,Regular,Both,0
14324,,44.0,Other,Houston,Clothing,938,2020-02-05 19:00:00,389.8215780870114,PayPal,5.0,,4407.12761168732,66,Yes,No,Regular,In-store,0
19111,Eve,33.0,Female,Los Angeles,Toys,232,2020-02-05 20:00:00,222.2092997650443,PayPal,5.0,,1751.859979799521,2,No,No,New,In-store,1
15342,Bob,66.0,Male,Los Angeles,Books,411,2020-02-05 21:00:00,104.100576843912,Bank Transfer,1.0,,1042.63152099272,54,No,No,Regular,Online,0
10005,Eve,32.0,Other,Chicago,Toys,581,2020-02-05 22:00:00,453.1684177354036,Cash,4.0,Good,4522.924673598925,94,No,No,VIP,Both,0
17489,Charlie,52.0,Male,San Francisco,Toys,994,2020-02-05 23:00:00,107.0710551781328,PayPal,2.0,,1237.85922774994,76,No,No,Regular,Online,0
18659,Charlie,29.0,Male,New York,Home Appliances,643,2020-02-06 00:00:00,22.64551241370323,Cash,2.0,Average,286.5948144594448,91,No,No,VIP,In-store,0
18195,Charlie,58.0,Male,Chicago,Books,404,2020-02-06 01:00:00,19.93718714603578,Cash,3.0,,256.184285434204,89,Yes,No,VIP,In-store,0
15966,Eve,61.0,Other,Chicago,Clothing,368,2020-02-06 02:00:00,314.9345246625895,Credit Card,4.0,,4422.44436191057,32,No,Yes,New,In-store,1
18837,,43.0,Other,New York,Home Appliances,513,2020-02-06 03:00:00,334.2207797515899,PayPal,1.0,Excellent,1848.547893924546,38,No,No,New,Online,0
10117,John,64.0,Male,Los Angeles,Clothing,124,2020-02-06 04:00:00,162.4104354779221,Credit Card,3.0,Average,2036.589333811817,73,No,Yes,Regular,Online,1
12551,Charlie,51.0,Female,San Francisco,Electronics,415,2020-02-06 05:00:00,166.8053847310611,PayPal,3.0,Average,2034.326563894718,31,No,No,New,In-store,0
15560,Alice,40.0,Male,Los Angeles,Toys,670,2020-02-06 06:00:00,,Cash,2.0,,,70,Yes,Yes,Regular,Both,1
14289,Eve,48.0,Female,Chicago,Electronics,824,2020-02-06 07:00:00,343.2776879118505,PayPal,5.0,,1821.509076426021,92,Yes,No,VIP,In-store,0
10846,Alice,67.0,Male,San Francisco,Toys,767,2020-02-06 08:00:00,38.48555760314601,Bank Transfer,1.0,Good,525.9711851622877,42,No,No,Regular,Online,0
16316,Charlie,37.0,Male,Houston,Home Appliances,925,2020-02-06 09:00:00,465.2670128187495,Cash,4.0,Good,5287.257920843799,86,No,No,VIP,Both,0
16469,John,29.0,Male,Chicago,Clothing,375,2020-02-06 10:00:00,119.0353116469488,PayPal,3.0,Good,1574.217926595821,12,No,Yes,New,Online,1
19333,,40.0,Other,Los Angeles,Clothing,488,2020-02-06 11:00:00,499.8398705686252,Credit Card,1.0,Average,5752.371080982519,32,No,No,New,In-store,0
18915,Charlie,21.0,Female,Los Angeles,Home Appliances,821,2020-02-06 12:00:00,94.04611995572162,Credit Card,2.0,,501.831778247016,40,No,No,New,Online,0
10224,John,40.0,Female,Los Angeles,Books,543,2020-02-06 13:00:00,388.057764083065,Cash,3.0,Good,2114.785401907694,76,No,Yes,Regular,Online,1
14208,Eve,65.0,Male,New York,Electronics,526,2020-02-06 14:00:00,119.4721470155163,Credit Card,3.0,Excellent,1419.574234641712,53,No,Yes,Regular,Online,1
16283,Alice,65.0,Other,Chicago,Electronics,156,2020-02-06 15:00:00,49.61493280519445,Cash,2.0,Bad,496.178198022647,6,No,No,New,Online,1
12048,Alice,18.0,Other,San Francisco,Clothing,796,2020-02-06 16:00:00,438.7173289318179,Cash,2.0,Bad,3888.52622690091,24,No,No,New,Online,1
16233,Alice,42.0,Female,Los Angeles,Clothing,665,2020-02-06 17:00:00,430.788117003537,Cash,2.0,,3233.558599455131,12,No,Yes,New,Online,1
19765,Eve,19.0,Other,Los Angeles,Clothing,820,2020-02-06 18:00:00,207.7494923003047,PayPal,1.0,,1300.911227397646,92,No,No,VIP,Online,0
11828,John,47.0,Female,New York,Home Appliances,467,2020-02-06 19:00:00,,Cash,1.0,Bad,,25,No,Yes,New,In-store,1
11917,Eve,20.0,Female,San Francisco,Books,441,2020-02-06 20:00:00,282.9623070151194,Credit Card,1.0,Bad,1636.152786424265,13,No,No,New,Online,1
14234,Alice,38.0,Female,Chicago,Electronics,904,2020-02-06 21:00:00,427.9484957001369,Bank Transfer,5.0,Bad,5931.93787396591,1,No,No,New,In-store,1
16988,Charlie,42.0,Other,Houston,Toys,951,2020-02-06 22:00:00,164.3774249661407,PayPal,3.0,,947.6524043837522,69,No,No,Regular,Online,0
12026,Bob,37.0,Female,New York,Home Appliances,403,2020-02-06 23:00:00,266.5994759995027,Credit Card,1.0,Good,2752.715206616819,20,Yes,Yes,New,In-store,1
13744,Eve,66.0,Female,Chicago,Electronics,863,2020-02-07 00:00:00,,Cash,,,,64,Yes,No,Regular,Online,0
19093,Eve,69.0,Male,Houston,Books,473,2020-02-07 01:00:00,183.4138548658608,Cash,,,2581.190508856081,89,No,No,VIP,Online,0
10009,John,39.0,Female,Los Angeles,Home Appliances,915,2020-02-07 02:00:00,446.8129816326224,Bank Transfer,1.0,Average,5956.176515029329,2,Yes,No,New,Online,1
10260,John,38.0,Female,Los Angeles,Electronics,211,2020-02-07 03:00:00,91.28018308464239,Credit Card,2.0,Excellent,690.6421635691163,3,Yes,No,New,Online,1
16038,Eve,50.0,Male,San Francisco,Home Appliances,977,2020-02-07 04:00:00,83.25923336514111,PayPal,4.0,,773.4516972893744,45,No,Yes,Regular,In-store,1
19865,Alice,69.0,Male,Houston,Electronics,105,2020-02-07 05:00:00,292.6856723081482,Credit Card,1.0,,4080.768101707459,57,Yes,No,Regular,In-store,0
12219,,55.0,Other,Los Angeles,Electronics,802,2020-02-07 06:00:00,332.1721726926216,Cash,4.0,,2360.727078612413,46,No,No,Regular,Online,0
17041,John,32.0,Female,Los Angeles,Books,945,2020-02-07 07:00:00,105.3634346190369,PayPal,1.0,,1560.570027048432,60,No,Yes,Regular,Online,1
12060,Alice,63.0,Other,San Francisco,Toys,378,2020-02-07 08:00:00,201.4515467047658,Cash,2.0,Average,2431.938488165422,88,No,No,VIP,Both,0
15287,Charlie,69.0,Other,Chicago,Books,481,2020-02-07 09:00:00,,Cash,4.0,Bad,,91,No,No,VIP,Online,0
11619,,32.0,Male,Los Angeles,Electronics,951,2020-02-07 10:00:00,130.8425371184302,Credit Card,5.0,Average,1701.745486861793,22,No,No,New,Online,1
18512,Alice,63.0,Other,New York,Home Appliances,112,2020-02-07 11:00:00,337.4967440375231,Bank Transfer,,,3679.968037550033,41,No,Yes,Regular,Both,1
11342,Alice,42.0,Female,New York,Books,402,2020-02-07 12:00:00,,Cash,4.0,Bad,,11,No,No,New,Online,1
12832,Bob,38.0,Male,Chicago,Toys,655,2020-02-07 13:00:00,229.5830627379282,Credit Card,4.0,Bad,2979.579585759173,99,Yes,Yes,VIP,Both,1
12824,Bob,41.0,Female,Houston,Electronics,716,2020-02-07 14:00:00,469.3877335121957,PayPal,2.0,,3183.914055033389,31,Yes,No,New,In-store,0
11994,Charlie,22.0,Female,San Francisco,Books,259,2020-02-07 15:00:00,370.9618002572074,Bank Transfer,,Excellent,4850.445052205817,56,No,No,Regular,Online,0
13490,Alice,23.0,Male,New York,Books,253,2020-02-07 16:00:00,,Cash,,,,65,No,No,Regular,Online,0
19310,Alice,66.0,Female,New York,Books,853,2020-02-07 17:00:00,288.974248870286,Cash,3.0,,4003.102842498313,79,No,No,Regular,Online,0
17984,Bob,60.0,Male,Chicago,Books,280,2020-02-07 18:00:00,349.3805872782993,PayPal,5.0,Average,4317.031770679903,32,No,No,New,In-store,0
11604,John,65.0,Female,Houston,Home Appliances,625,2020-02-07 19:00:00,300.1731884103169,Credit Card,1.0,Excellent,2096.4412164973,47,Yes,No,Regular,Online,0
10235,John,61.0,Male,Houston,Toys,279,2020-02-07 20:00:00,440.5618160747772,Cash,4.0,Average,3004.542065956131,48,Yes,No,Regular,Both,0
11908,Eve,64.0,Other,Chicago,Toys,476,2020-02-07 21:00:00,184.8754445173966,PayPal,,Good,2456.806097478002,17,No,No,New,Both,1
18567,Bob,40.0,Female,New York,Electronics,903,2020-02-07 22:00:00,156.9440126273444,Cash,2.0,,853.0662591975363,90,No,No,VIP,Both,0
13530,Eve,21.0,Male,San Francisco,Clothing,875,2020-02-07 23:00:00,114.7810558526795,Credit Card,5.0,Good,602.8383187841639,90,No,No,VIP,Online,0
15256,Bob,44.0,Female,New York,Home Appliances,267,2020-02-08 00:00:00,28.51365435165162,Bank Transfer,5.0,Average,291.1314186915754,51,No,No,Regular,Online,0
12635,Charlie,35.0,Female,Houston,Electronics,313,2020-02-08 01:00:00,31.07684254622712,Credit Card,3.0,Good,228.7620680535894,84,No,No,VIP,In-store,0
18162,Alice,38.0,Female,New York,Electronics,249,2020-02-08 02:00:00,436.3270446235486,Credit Card,2.0,,3498.914263875084,24,Yes,Yes,New,In-store,1
19762,Charlie,45.0,Male,San Francisco,Books,115,2020-02-08 03:00:00,,Credit Card,4.0,Good,,92,No,No,VIP,Online,0
12560,Bob,52.0,Other,Los Angeles,Clothing,190,2020-02-08 04:00:00,333.6608835638782,PayPal,3.0,,4993.694256292396,28,No,No,New,Online,0
15415,Alice,39.0,Other,New York,Clothing,219,2020-02-08 05:00:00,311.1749812780942,Cash,,Good,4160.056820989483,12,Yes,Yes,New,In-store,1
13391,John,57.0,Other,Chicago,Home Appliances,352,2020-02-08 06:00:00,426.1173809001114,Bank Transfer,3.0,,5453.4509107269,24,No,Yes,New,Both,1
15951,John,40.0,Male,Los Angeles,Clothing,159,2020-02-08 07:00:00,245.3307935761574,PayPal,1.0,,3464.746787967198,32,No,No,New,Online,0
15468,Eve,20.0,Other,Chicago,Electronics,365,2020-02-08 08:00:00,,Credit Card,2.0,Good,,59,No,No,Regular,Online,0
18007,Bob,57.0,Male,Chicago,Clothing,508,2020-02-08 09:00:00,186.1280628292972,Bank Transfer,4.0,,1903.295159768948,22,No,Yes,New,Online,1
19064,,67.0,Female,Chicago,Clothing,130,2020-02-08 10:00:00,464.0866771261544,Credit Card,,Bad,4246.176287627282,32,No,No,New,Both,0
19444,John,27.0,Female,New York,Toys,120,2020-02-08 11:00:00,352.3419202398077,Credit Card,2.0,Bad,1838.989179753218,81,No,No,VIP,Online,0
16413,Charlie,42.0,Other,Houston,Electronics,830,2020-02-08 12:00:00,136.0167966519693,Credit Card,3.0,,966.0708278840966,6,No,No,New,In-store,1
16941,Alice,69.0,Male,Los Angeles,Clothing,692,2020-02-08 13:00:00,286.4016116274263,Bank Transfer,5.0,,4153.001641866343,1,No,No,New,Online,1
19506,Charlie,66.0,Female,San Francisco,Clothing,388,2020-02-08 14:00:00,271.1849751292452,Cash,2.0,,4007.46129080779,9,No,No,New,In-store,1
14820,Charlie,25.0,Male,Houston,Books,642,2020-02-08 15:00:00,,Credit Card,4.0,,,73,No,No,Regular,In-store,0
12898,John,28.0,Male,New York,Clothing,597,2020-02-08 16:00:00,299.7090238178009,Cash,,Excellent,3997.572756497111,31,No,No,New,Online,0
17546,John,22.0,Female,Chicago,Clothing,845,2020-02-08 17:00:00,164.2449556213094,Bank Transfer,4.0,,1115.082359424815,10,No,No,New,Both,1
10077,John,62.0,Male,San Francisco,Toys,573,2020-02-08 18:00:00,35.65089573670519,Bank Transfer,5.0,Good,388.8889761927563,66,No,No,Regular,In-store,0
17577,Eve,54.0,Female,Los Angeles,Electronics,504,2020-02-08 19:00:00,474.8415172762168,Credit Card,4.0,,7080.930950994586,61,Yes,No,Regular,Both,0
14227,Charlie,62.0,Female,Houston,Home Appliances,647,2020-02-08 20:00:00,324.330280841501,Cash,5.0,,2943.337126369209,42,Yes,Yes,Regular,Online,1
10600,Bob,55.0,Female,Houston,Electronics,231,2020-02-08 21:00:00,,Cash,2.0,,,47,Yes,No,Regular,Both,0
11065,Alice,46.0,Male,San Francisco,Books,423,2020-02-08 22:00:00,341.2674424564941,Credit Card,,,2256.529329993067,89,Yes,No,VIP,Online,0
12136,Eve,22.0,Female,New York,Electronics,957,2020-02-08 23:00:00,184.9220091486553,PayPal,3.0,,1046.316517990472,67,No,No,Regular,Online,0
19510,Bob,26.0,Male,Los Angeles,Clothing,231,2020-02-09 00:00:00,261.2171554411176,PayPal,3.0,Good,2392.564355332056,68,No,No,Regular,Online,0
16943,Charlie,,Female,San Francisco,Books,620,2020-02-09 01:00:00,341.1159125701168,Bank Transfer,4.0,Good,2572.043228749977,72,No,No,Regular,Both,0
17804,John,19.0,Female,Chicago,Electronics,129,2020-02-09 02:00:00,480.5236393487044,Bank Transfer,4.0,,2429.148470957983,3,Yes,Yes,New,Online,1
16565,Charlie,18.0,Other,Los Angeles,Books,726,2020-02-09 03:00:00,134.2980349696313,PayPal,1.0,Good,1583.543425687812,80,No,Yes,Regular,In-store,1
15984,Alice,57.0,Other,Houston,Home Appliances,400,2020-02-09 04:00:00,438.7387587258177,PayPal,4.0,,4714.321666148577,97,No,No,VIP,In-store,0
15142,Eve,68.0,Other,San Francisco,Electronics,103,2020-02-09 05:00:00,462.798124594192,PayPal,1.0,,3644.164551983611,76,No,No,Regular,In-store,0
14670,Eve,47.0,Male,Houston,Clothing,424,2020-02-09 06:00:00,338.5036021828887,Credit Card,1.0,Average,4716.611205538104,17,No,No,New,Online,1
12190,Alice,28.0,Male,Houston,Books,608,2020-02-09 07:00:00,466.3206474266555,Credit Card,1.0,Bad,4211.206130617479,90,No,No,VIP,Online,0
19184,Bob,45.0,Female,Houston,Toys,336,2020-02-09 08:00:00,204.9605078639105,Credit Card,1.0,,1781.256735402592,56,No,No,Regular,Online,0
12712,Bob,61.0,Female,New York,Books,634,2020-02-09 09:00:00,476.977926259817,Credit Card,2.0,Bad,6105.926863093373,89,Yes,Yes,VIP,In-store,1
12192,Eve,29.0,Female,Houston,Toys,115,2020-02-09 10:00:00,354.3636098113277,Credit Card,3.0,Average,2934.555892558833,92,Yes,No,VIP,Online,0
11248,Eve,56.0,Female,Chicago,Clothing,633,2020-02-09 11:00:00,30.58282603521783,Credit Card,1.0,Excellent,398.9108145426232,24,No,No,New,Online,1
14033,John,43.0,Male,Chicago,Home Appliances,683,2020-02-09 12:00:00,454.3676875913359,Bank Transfer,3.0,,6421.795263882172,95,Yes,No,VIP,In-store,0
11997,,30.0,Female,Los Angeles,Toys,915,2020-02-09 13:00:00,247.3916764262644,Cash,1.0,Bad,3318.578683669873,50,Yes,No,Regular,In-store,0
13687,Alice,,Female,Houston,Home Appliances,545,2020-02-09 14:00:00,235.5602225411381,Bank Transfer,3.0,Good,3167.203924085509,7,No,No,New,Both,1
14018,Bob,45.0,Other,Houston,Books,602,2020-02-09 15:00:00,287.5686369300208,Cash,4.0,,3827.426781445384,93,Yes,No,VIP,In-store,0
11970,John,47.0,Female,San Francisco,Clothing,329,2020-02-09 16:00:00,83.19842791790168,Bank Transfer,4.0,Good,621.6376053427944,80,No,No,Regular,In-store,0
18389,Eve,26.0,Female,New York,Toys,206,2020-02-09 17:00:00,239.8913637980253,Bank Transfer,3.0,,1248.858135437414,88,Yes,No,VIP,Online,0
15765,Eve,56.0,Female,Los Angeles,Books,819,2020-02-09 18:00:00,417.2523361916954,Credit Card,1.0,,5593.586924633327,70,No,Yes,Regular,Online,1
11202,John,48.0,Male,Houston,Electronics,488,2020-02-09 19:00:00,17.58640497738251,Credit Card,2.0,Good,239.3087127822964,38,Yes,No,New,Online,0
18135,Alice,38.0,Other,San Francisco,Books,819,2020-02-09 20:00:00,143.7294085589419,Cash,3.0,,907.9498131606584,26,No,Yes,New,In-store,1
15567,Eve,64.0,Female,New York,Home Appliances,362,2020-02-09 21:00:00,11.20274735748367,Cash,5.0,,106.8252175932157,89,No,No,VIP,In-store,0
17667,Charlie,51.0,Female,Los Angeles,Clothing,662,2020-02-09 22:00:00,213.6985414834257,Credit Card,2.0,Bad,3093.878206945559,53,No,No,Regular,Both,0
15742,Eve,48.0,Other,Los Angeles,Clothing,164,2020-02-09 23:00:00,366.87460014193,Bank Transfer,5.0,Good,3218.309017411443,2,Yes,No,New,In-store,1
15788,Charlie,69.0,Female,Houston,Books,364,2020-02-10 00:00:00,401.398196266168,Cash,3.0,Average,3816.660400813139,53,No,No,Regular,Online,0
15408,John,42.0,Male,Los Angeles,Electronics,437,2020-02-10 01:00:00,473.1429829522332,PayPal,1.0,Average,5543.485282900147,57,No,No,Regular,Both,0
18669,John,29.0,Female,San Francisco,Home Appliances,400,2020-02-10 02:00:00,,PayPal,5.0,,,3,No,No,New,In-store,1
19446,Eve,18.0,Male,Los Angeles,Books,477,2020-02-10 03:00:00,134.7671646599188,PayPal,3.0,Excellent,1630.408269957019,100,Yes,No,VIP,Online,0
10922,Bob,39.0,Male,Chicago,Books,274,2020-02-10 04:00:00,462.8324950769825,Cash,2.0,,4748.653708768913,97,No,No,VIP,Online,0
10419,Charlie,57.0,Female,San Francisco,Clothing,251,2020-02-10 05:00:00,389.9047194013843,Credit Card,1.0,,3422.118626209509,48,Yes,Yes,Regular,Online,1
12204,Alice,,Other,New York,Home Appliances,575,2020-02-10 06:00:00,291.4699566715408,Credit Card,5.0,Bad,4163.842423589837,8,Yes,No,New,Online,1
11120,Eve,64.0,Male,New York,Electronics,365,2020-02-10 07:00:00,350.8637057022787,Credit Card,3.0,,3006.751475790971,15,No,Yes,New,Online,1
10950,,18.0,Other,Houston,Clothing,428,2020-02-10 08:00:00,,Cash,,Excellent,,27,No,No,New,In-store,0
12336,Eve,18.0,Female,Houston,Books,915,2020-02-10 09:00:00,359.0730739517316,Cash,1.0,Excellent,5309.017448108223,84,No,Yes,VIP,Online,1
15373,Bob,59.0,Male,Chicago,Clothing,262,2020-02-10 10:00:00,190.5035087165197,PayPal,4.0,,2080.120689390221,55,No,No,Regular,Online,0
12243,Bob,59.0,Female,New York,Clothing,537,2020-02-10 11:00:00,359.3838191216574,Cash,1.0,Excellent,3606.360490262086,1,No,No,New,In-store,1
12645,Bob,38.0,Other,New York,Toys,442,2020-02-10 12:00:00,29.73629974034005,PayPal,3.0,,258.0036270400148,39,Yes,No,New,Both,0
14612,Bob,32.0,Female,New York,Clothing,466,2020-02-10 13:00:00,199.3436252969848,PayPal,2.0,,1482.982943346677,13,Yes,No,New,In-store,1
11865,John,34.0,Female,New York,Clothing,564,2020-02-10 14:00:00,,Credit Card,4.0,,,39,No,No,New,Online,0
16028,John,39.0,Male,Los Angeles,Home Appliances,849,2020-02-10 15:00:00,91.75073486620899,Cash,3.0,Average,982.72293633302,82,Yes,No,VIP,Online,0
17326,Charlie,,Female,San Francisco,Clothing,298,2020-02-10 16:00:00,21.31188547036739,Credit Card,3.0,Average,174.695877037139,98,Yes,No,VIP,Online,0
16371,Alice,52.0,Female,San Francisco,Electronics,599,2020-02-10 17:00:00,75.35680595249399,Credit Card,3.0,,717.7163488405228,31,No,No,New,In-store,0
16359,Eve,62.0,Female,Chicago,Books,115,2020-02-10 18:00:00,330.764532940557,Cash,5.0,,2976.746965991561,38,No,No,New,Online,0
17863,,33.0,Male,Los Angeles,Home Appliances,920,2020-02-10 19:00:00,403.1215200182069,Cash,5.0,Excellent,4970.719358604019,75,Yes,No,Regular,In-store,0
13228,John,25.0,Other,New York,Clothing,395,2020-02-10 20:00:00,494.2197114362173,Bank Transfer,2.0,Good,3121.728895822866,15,Yes,No,New,Online,1
13719,Eve,64.0,Other,New York,Electronics,967,2020-02-10 21:00:00,179.7181165231622,PayPal,3.0,,1680.275057194365,11,No,No,New,Online,1
12371,John,34.0,Female,Houston,Books,610,2020-02-10 22:00:00,303.6958189079398,Bank Transfer,5.0,,4534.455253961768,26,No,No,New,Online,1
12891,Charlie,34.0,Male,Houston,Home Appliances,887,2020-02-10 23:00:00,469.2010337394098,PayPal,5.0,Average,3687.427838886012,19,No,No,New,Online,1
13756,Alice,43.0,Female,Chicago,Electronics,338,2020-02-11 00:00:00,91.85047285569479,PayPal,5.0,,1069.770007262299,79,Yes,No,Regular,Online,0
14225,Charlie,30.0,Other,New York,Clothing,680,2020-02-11 01:00:00,361.6463373079439,PayPal,2.0,,2431.366683135024,45,No,No,Regular,In-store,0
10094,Bob,34.0,Male,Chicago,Toys,400,2020-02-11 02:00:00,379.93957924309,Credit Card,2.0,,4262.881299344659,3,No,No,New,In-store,1
12674,Bob,55.0,Other,Los Angeles,Toys,105,2020-02-11 03:00:00,53.5980125759758,Credit Card,3.0,,278.6218508542452,36,No,No,New,In-store,0
16898,Bob,34.0,Other,San Francisco,Home Appliances,319,2020-02-11 04:00:00,432.0121987397019,Cash,4.0,Bad,5652.761825558264,59,No,No,Regular,In-store,0
10793,Charlie,65.0,Male,New York,Electronics,865,2020-02-11 05:00:00,,PayPal,3.0,Average,,9,No,No,New,Both,1
12116,Eve,31.0,Male,Los Angeles,Books,552,2020-02-11 06:00:00,26.36747322294288,PayPal,5.0,,378.5477036996864,32,No,No,New,In-store,0
15779,Alice,62.0,Female,New York,Electronics,532,2020-02-11 07:00:00,54.63136329122523,PayPal,5.0,Bad,464.3594075996093,96,No,No,VIP,Online,0
16166,Bob,23.0,Female,Houston,Toys,906,2020-02-11 08:00:00,34.07217800700764,Credit Card,1.0,Good,259.4517453018132,72,No,No,Regular,Both,0
10814,Bob,52.0,Other,Chicago,Home Appliances,969,2020-02-11 09:00:00,174.0243305816875,Cash,3.0,,2207.510673528401,38,No,No,New,Online,0
10345,Bob,63.0,Male,Houston,Clothing,485,2020-02-11 10:00:00,259.5516054331638,Credit Card,5.0,,2931.831531089168,8,No,No,New,Online,1
18554,Alice,31.0,Male,San Francisco,Electronics,718,2020-02-11 11:00:00,270.8503866977681,Bank Transfer,5.0,Excellent,3106.03294828142,86,No,No,VIP,Online,0
12443,Bob,64.0,Female,Houston,Toys,394,2020-02-11 12:00:00,141.1567122870269,Bank Transfer,4.0,Good,858.499914087767,1,Yes,No,New,Online,1
17783,Alice,25.0,Other,New York,Books,217,2020-02-11 13:00:00,,Bank Transfer,1.0,,,99,Yes,No,VIP,Online,0
10984,Bob,,Other,Houston,Home Appliances,504,2020-02-11 14:00:00,190.4487670372375,Cash,3.0,,1465.375394854377,26,No,No,New,Both,1
17790,Charlie,44.0,Female,New York,Clothing,779,2020-02-11 15:00:00,32.31957642302272,Bank Transfer,2.0,,211.0200053397778,55,Yes,No,Regular,Both,0
19831,Charlie,30.0,Male,San Francisco,Electronics,862,2020-02-11 16:00:00,157.1112846552793,Cash,3.0,,983.4502440275872,63,Yes,No,Regular,Online,0
10827,Alice,66.0,Female,Houston,Books,693,2020-02-11 17:00:00,270.2436170466362,Credit Card,3.0,,2670.674181935527,49,Yes,No,Regular,Online,0
13531,Charlie,48.0,Female,Chicago,Clothing,665,2020-02-11 18:00:00,210.0286930682337,Credit Card,4.0,Excellent,1968.015072215898,25,No,No,New,In-store,1
17147,Alice,52.0,Female,Chicago,Toys,851,2020-02-11 19:00:00,144.182834358637,Cash,3.0,Good,1453.463911421766,63,No,No,Regular,In-store,0
14451,Charlie,23.0,Female,Chicago,Toys,977,2020-02-11 20:00:00,74.34839238451553,Credit Card,4.0,Average,560.4886563345535,50,No,No,Regular,In-store,0
13876,Charlie,22.0,Male,Houston,Books,111,2020-02-11 21:00:00,411.3906050471526,Credit Card,,,3642.491169246742,98,Yes,No,VIP,Online,0
15959,Alice,39.0,Female,Houston,Toys,308,2020-02-11 22:00:00,498.111168640854,Cash,5.0,,3005.922817895611,85,No,No,VIP,Both,0
10126,Eve,,Male,Houston,Home Appliances,264,2020-02-11 23:00:00,171.4756454267022,Bank Transfer,2.0,Excellent,996.1590558835421,71,Yes,No,Regular,Online,0
13177,Charlie,,Female,New York,Books,977,2020-02-12 00:00:00,196.9943116465359,Cash,4.0,Bad,2180.881664758455,44,No,No,Regular,Online,0
18795,Bob,42.0,Other,San Francisco,Toys,393,2020-02-12 01:00:00,312.838387091709,PayPal,1.0,,1636.958151167198,25,No,Yes,New,Both,1
16024,Eve,51.0,Male,Chicago,Electronics,618,2020-02-12 02:00:00,,Credit Card,1.0,Average,,44,Yes,No,Regular,Online,0
15109,Alice,43.0,Other,New York,Toys,177,2020-02-12 03:00:00,202.0944720537597,Cash,2.0,Bad,1306.906097181319,16,Yes,No,New,Online,1
14146,Eve,64.0,Female,Chicago,Home Appliances,533,2020-02-12 04:00:00,,Credit Card,4.0,Bad,,79,No,No,Regular,In-store,0
17196,John,22.0,Female,New York,Clothing,676,2020-02-12 05:00:00,284.40195472217,Bank Transfer,2.0,,3641.779232519868,32,No,No,New,Online,0
13368,John,43.0,Female,Houston,Clothing,713,2020-02-12 06:00:00,230.6911374389062,Credit Card,5.0,Bad,1544.217670703164,52,Yes,No,Regular,Online,0
13797,Charlie,37.0,Male,Chicago,Toys,968,2020-02-12 07:00:00,,Cash,1.0,Excellent,,65,No,No,Regular,Online,0
11792,Charlie,23.0,Other,Houston,Clothing,911,2020-02-12 08:00:00,476.8738856420949,Bank Transfer,3.0,Average,5647.591734362833,11,Yes,No,New,Online,1
15732,Bob,23.0,Male,Chicago,Toys,898,2020-02-12 09:00:00,399.3306242666357,Bank Transfer,1.0,Good,4121.604907407313,21,No,No,New,In-store,1
13476,,67.0,Male,Los Angeles,Home Appliances,782,2020-02-12 10:00:00,29.60643396221093,Bank Transfer,4.0,Bad,311.0477648592192,4,No,No,New,Online,1
13417,John,35.0,Female,New York,Clothing,176,2020-02-12 11:00:00,172.8318562625802,PayPal,2.0,Excellent,1198.616285986464,14,No,No,New,Online,1
11645,Charlie,21.0,Other,Los Angeles,Electronics,147,2020-02-12 12:00:00,,Cash,1.0,Good,,65,No,No,Regular,Online,0
19397,Eve,34.0,Female,New York,Toys,866,2020-02-12 13:00:00,164.1136103824616,Cash,3.0,Excellent,1122.465084276916,92,No,No,VIP,Online,0
13030,Charlie,31.0,Male,San Francisco,Clothing,181,2020-02-12 14:00:00,353.0919048069237,Bank Transfer,3.0,Bad,2477.204130134078,76,No,No,Regular,Online,0
12872,Charlie,31.0,Female,Chicago,Home Appliances,994,2020-02-12 15:00:00,414.8718834326647,Credit Card,2.0,Bad,6064.09453373015,63,No,No,Regular,Online,0
13072,John,,Other,San Francisco,Home Appliances,820,2020-02-12 16:00:00,368.3590966407831,Bank Transfer,2.0,Average,2922.283857572317,79,No,No,Regular,Online,0
11854,John,24.0,Female,San Francisco,Electronics,308,2020-02-12 17:00:00,494.7733105458549,PayPal,1.0,,3814.938263427153,21,No,No,New,Both,1
14021,Charlie,61.0,Other,New York,Home Appliances,544,2020-02-12 18:00:00,,Bank Transfer,4.0,Excellent,,88,No,No,VIP,Online,0
14662,Alice,32.0,Other,Los Angeles,Home Appliances,695,2020-02-12 19:00:00,438.7448525619665,Cash,5.0,,3578.310604312176,78,Yes,Yes,Regular,Online,1
16514,Charlie,36.0,Female,Houston,Clothing,621,2020-02-12 20:00:00,385.6451059354982,Bank Transfer,3.0,,2258.673100488721,73,Yes,No,Regular,Both,0
15031,Charlie,60.0,Male,New York,Toys,128,2020-02-12 21:00:00,187.4675912034916,Credit Card,2.0,,2728.315262215694,98,No,No,VIP,In-store,0
12708,Bob,64.0,Female,Houston,Books,403,2020-02-12 22:00:00,369.7210263919146,Cash,5.0,Good,2278.588418671235,5,Yes,No,New,Online,1
17112,Bob,61.0,Male,San Francisco,Home Appliances,564,2020-02-12 23:00:00,,Credit Card,5.0,,,76,No,No,Regular,In-store,0
19524,Bob,52.0,Male,Houston,Home Appliances,601,2020-02-13 00:00:00,396.7734063468707,Bank Transfer,5.0,,5852.906563138333,26,Yes,No,New,In-store,1
18393,Alice,34.0,Female,Los Angeles,Books,545,2020-02-13 01:00:00,270.8419952676803,Cash,4.0,Average,3006.258163851043,49,No,No,Regular,In-store,0
13507,Alice,52.0,Male,New York,Home Appliances,727,2020-02-13 02:00:00,153.2221846275341,PayPal,2.0,,1285.348840456246,35,No,No,New,Online,0
16456,Charlie,36.0,Male,Los Angeles,Clothing,589,2020-02-13 03:00:00,331.3308778742482,Cash,3.0,Good,3711.941904043259,70,No,No,Regular,Both,0
14212,Bob,37.0,Female,Los Angeles,Clothing,880,2020-02-13 04:00:00,324.3937993700604,Credit Card,,,4118.604817301208,2,Yes,No,New,Online,1
17970,Alice,53.0,Female,New York,Books,527,2020-02-13 05:00:00,112.6482491326039,Cash,1.0,,1068.074297643602,78,Yes,Yes,Regular,Both,1
18766,John,52.0,Female,Los Angeles,Home Appliances,658,2020-02-13 06:00:00,24.89473325764781,PayPal,3.0,Bad,212.1152540363474,71,No,No,Regular,Both,0
10536,Charlie,49.0,Male,Chicago,Home Appliances,458,2020-02-13 07:00:00,222.4750675818202,PayPal,2.0,Average,1786.690443320298,35,No,No,New,Online,0
11625,Eve,65.0,Other,Chicago,Toys,190,2020-02-13 08:00:00,,PayPal,3.0,Excellent,,34,Yes,No,New,Online,0
17973,Charlie,61.0,Male,Chicago,Home Appliances,152,2020-02-13 09:00:00,439.5365864015932,PayPal,1.0,,3147.236245372391,20,No,Yes,New,In-store,1
18577,Eve,57.0,Other,Houston,Clothing,829,2020-02-13 10:00:00,464.8262298673213,Credit Card,3.0,Bad,2671.51597045662,23,Yes,No,New,Online,1
18070,Bob,41.0,Female,Los Angeles,Electronics,959,2020-02-13 11:00:00,269.1145568968155,Cash,5.0,,2669.571480615036,73,No,No,Regular,Online,0
18666,Eve,34.0,Other,New York,Electronics,688,2020-02-13 12:00:00,379.363707046587,Bank Transfer,4.0,Bad,4874.454385394331,85,No,No,VIP,In-store,0
18609,Bob,24.0,Female,New York,Electronics,303,2020-02-13 13:00:00,225.2586034407185,PayPal,1.0,Excellent,1717.991534023263,24,No,No,New,In-store,1
16490,John,60.0,Female,Houston,Electronics,655,2020-02-13 14:00:00,375.5802567207176,Bank Transfer,3.0,Excellent,2745.501584615417,90,Yes,No,VIP,In-store,0
13600,Eve,67.0,Other,New York,Home Appliances,255,2020-02-13 15:00:00,,Bank Transfer,1.0,,,62,Yes,No,Regular,Online,0
16783,Charlie,18.0,Female,Chicago,Home Appliances,101,2020-02-13 16:00:00,191.8217200537304,Cash,5.0,Good,2028.565652525115,27,No,No,New,Both,0
19146,Bob,52.0,Other,Los Angeles,Toys,456,2020-02-13 17:00:00,320.7717194186712,Bank Transfer,4.0,,4644.549133024258,86,No,No,VIP,Online,0
14971,Charlie,49.0,Female,New York,Home Appliances,924,2020-02-13 18:00:00,18.89740314746863,Bank Transfer,1.0,,208.1835386908496,43,No,No,Regular,Online,0
11205,Alice,53.0,Male,New York,Electronics,668,2020-02-13 19:00:00,364.0060420660874,Credit Card,5.0,Bad,3422.497110524647,67,Yes,No,Regular,In-store,0
11990,Bob,30.0,Male,San Francisco,Books,901,2020-02-13 20:00:00,419.4123956214017,Bank Transfer,5.0,Good,2167.597977472251,50,Yes,No,Regular,Online,0
15299,Eve,23.0,Female,San Francisco,Books,157,2020-02-13 21:00:00,205.5794139360362,Cash,5.0,Bad,1128.317298090731,90,No,No,VIP,In-store,0
13572,Bob,31.0,Female,San Francisco,Clothing,353,2020-02-13 22:00:00,229.4917844168105,Bank Transfer,3.0,Average,2224.403237531998,90,No,No,VIP,Online,0
15975,Charlie,54.0,Other,Los Angeles,Clothing,279,2020-02-13 23:00:00,427.1282839861002,Cash,2.0,,3060.545292067251,7,No,No,New,Online,1
16320,John,65.0,Male,Chicago,Home Appliances,592,2020-02-14 00:00:00,390.0707713097564,PayPal,1.0,Average,2332.814136889052,7,No,No,New,Online,1
14380,Bob,32.0,Other,Chicago,Books,768,2020-02-14 01:00:00,151.1932496263537,Bank Transfer,2.0,Excellent,1817.631050974721,50,Yes,No,Regular,Online,0
14757,Eve,64.0,Female,Chicago,Electronics,134,2020-02-14 02:00:00,168.7482922151541,Bank Transfer,5.0,Excellent,1515.649925386989,14,No,No,New,In-store,1
12713,Alice,21.0,Female,Los Angeles,Electronics,174,2020-02-14 03:00:00,342.6503338713924,Bank Transfer,2.0,Average,3711.992235323126,74,No,No,Regular,Online,0
15588,John,57.0,Other,Los Angeles,Electronics,388,2020-02-14 04:00:00,285.967065299599,PayPal,5.0,Average,2700.744524736604,22,No,Yes,New,In-store,1
10966,Alice,33.0,Female,San Francisco,Home Appliances,470,2020-02-14 05:00:00,,Credit Card,5.0,Excellent,,27,No,Yes,New,Online,1
14944,Bob,45.0,Male,New York,Home Appliances,686,2020-02-14 06:00:00,,Bank Transfer,,Good,,46,Yes,No,Regular,Online,0
13432,Charlie,33.0,Other,Houston,Toys,428,2020-02-14 07:00:00,450.9918056705405,Cash,4.0,,4419.819847571635,58,No,Yes,Regular,In-store,1
10688,Charlie,21.0,Male,Houston,Electronics,689,2020-02-14 08:00:00,347.2054739939091,Credit Card,2.0,,4796.212973546651,83,Yes,No,VIP,Both,0
14243,Eve,62.0,Male,New York,Electronics,866,2020-02-14 09:00:00,493.1274156659046,Credit Card,1.0,,5452.211899510482,80,No,No,Regular,Online,0
13701,Charlie,43.0,Male,San Francisco,Home Appliances,876,2020-02-14 10:00:00,385.836139690577,Credit Card,2.0,,3900.136285308445,55,Yes,No,Regular,Online,0
18533,John,45.0,Other,New York,Home Appliances,403,2020-02-14 11:00:00,,Bank Transfer,1.0,Bad,,11,Yes,No,New,Online,1
15182,Charlie,49.0,Female,New York,Toys,678,2020-02-14 12:00:00,115.932401196533,PayPal,2.0,Bad,1144.97804881787,29,No,No,New,In-store,0
19916,Eve,62.0,Male,Houston,Toys,320,2020-02-14 13:00:00,388.0275886602936,PayPal,3.0,Average,5161.210096538501,91,Yes,No,VIP,In-store,0
16704,Bob,19.0,Male,San Francisco,Clothing,263,2020-02-14 14:00:00,19.90658487242074,Bank Transfer,3.0,,111.616461971329,55,No,Yes,Regular,Online,1
14422,Bob,48.0,Male,Los Angeles,Books,579,2020-02-14 15:00:00,338.6724106386516,Cash,1.0,Good,2156.38556032485,98,Yes,No,VIP,Online,0
19984,Charlie,20.0,Female,Houston,Electronics,554,2020-02-14 16:00:00,,Cash,4.0,,,53,No,No,Regular,Online,0
11759,Alice,25.0,Female,Los Angeles,Electronics,474,2020-02-14 17:00:00,,Cash,1.0,,,50,No,No,Regular,Both,0
19181,Bob,41.0,Other,San Francisco,Toys,319,2020-02-14 18:00:00,432.5781326236137,Bank Transfer,2.0,,4358.223675780678,76,No,Yes,Regular,Both,1
12482,Charlie,32.0,Female,New York,Toys,783,2020-02-14 19:00:00,428.59116940219,PayPal,,Good,2927.538431481698,29,No,No,New,In-store,0
18058,Eve,60.0,Other,Chicago,Clothing,353,2020-02-14 20:00:00,20.92783540033535,Bank Transfer,3.0,,147.7947677345535,62,No,No,Regular,In-store,0
10951,Charlie,48.0,Other,Chicago,Books,821,2020-02-14 21:00:00,308.6575100002212,PayPal,5.0,Excellent,2174.465996611433,86,No,No,VIP,Online,0
18914,Bob,26.0,Other,San Francisco,Clothing,287,2020-02-14 22:00:00,190.2377899172686,Credit Card,3.0,Bad,1313.52917758262,48,No,No,Regular,Both,0
12079,Eve,56.0,Other,Chicago,Books,290,2020-02-14 23:00:00,213.6738907352201,Bank Transfer,2.0,,2330.748586584902,27,No,No,New,Online,0
12717,Charlie,62.0,Other,Los Angeles,Electronics,488,2020-02-15 00:00:00,417.6999622172002,PayPal,3.0,Excellent,5399.732932254702,58,No,No,Regular,In-store,0
14524,John,19.0,Male,Chicago,Clothing,314,2020-02-15 01:00:00,161.8214880485623,Credit Card,1.0,Good,1057.895575822063,85,No,No,VIP,In-store,0
19692,Eve,25.0,Female,San Francisco,Toys,474,2020-02-15 02:00:00,472.0939172124339,Credit Card,,,4760.699368165937,36,No,Yes,New,Online,1
18477,John,24.0,Male,San Francisco,Clothing,185,2020-02-15 03:00:00,98.02057492234897,Bank Transfer,5.0,,895.3018733228082,94,Yes,Yes,VIP,Both,1
17311,Alice,,Other,Los Angeles,Clothing,573,2020-02-15 04:00:00,334.7339874504071,PayPal,2.0,Good,3951.230774553809,41,Yes,No,Regular,Online,0
17186,,68.0,Female,Chicago,Electronics,717,2020-02-15 05:00:00,339.3314828367447,Credit Card,5.0,Bad,4269.611585048779,8,No,Yes,New,Online,1
12065,John,56.0,Male,Chicago,Toys,943,2020-02-15 06:00:00,,Bank Transfer,2.0,Average,,20,No,Yes,New,Both,1
10768,Bob,59.0,Male,New York,Toys,907,2020-02-15 07:00:00,169.127798393929,Credit Card,4.0,,1648.864364508176,38,No,No,New,Online,0
15490,Bob,33.0,Other,Houston,Home Appliances,630,2020-02-15 08:00:00,419.0512613641708,Cash,1.0,Average,5131.088933297416,99,Yes,No,VIP,Both,0
16645,Alice,52.0,Male,San Francisco,Home Appliances,146,2020-02-15 09:00:00,383.2845749279267,Bank Transfer,3.0,,5511.81283741995,25,No,Yes,New,Online,1
15083,Eve,,Male,New York,Home Appliances,164,2020-02-15 10:00:00,171.2569813542322,Credit Card,3.0,,2185.31043910737,74,No,No,Regular,Online,0
15232,Eve,27.0,Male,San Francisco,Electronics,574,2020-02-15 11:00:00,271.6387079981176,Bank Transfer,,,3314.651292514585,79,No,Yes,Regular,Online,1
15797,Eve,55.0,Male,New York,Clothing,245,2020-02-15 12:00:00,,Bank Transfer,4.0,Good,,17,No,Yes,New,In-store,1
19138,Alice,35.0,Male,Houston,Toys,897,2020-02-15 13:00:00,,PayPal,1.0,,,72,No,No,Regular,In-store,0
14926,Eve,67.0,Other,New York,Toys,481,2020-02-15 14:00:00,248.0520738415956,PayPal,5.0,,3038.475587471853,8,No,Yes,New,Both,1
16016,Bob,22.0,Other,San Francisco,Clothing,165,2020-02-15 15:00:00,52.12713028681368,Credit Card,5.0,Bad,485.1037743660147,85,No,Yes,VIP,In-store,1
13335,John,46.0,Male,Chicago,Toys,616,2020-02-15 16:00:00,423.2328538970494,Bank Transfer,1.0,,5373.763624901196,83,No,No,VIP,In-store,0
18038,Bob,56.0,Other,San Francisco,Clothing,192,2020-02-15 17:00:00,,Bank Transfer,1.0,,,19,Yes,No,New,Online,1
14873,Bob,51.0,Other,Los Angeles,Electronics,964,2020-02-15 18:00:00,472.3804986177624,Cash,3.0,Good,3148.877202381928,82,No,No,VIP,In-store,0
11481,John,60.0,Female,Los Angeles,Electronics,525,2020-02-15 19:00:00,,Bank Transfer,5.0,Average,,91,No,No,VIP,Both,0
16305,Bob,62.0,Male,Los Angeles,Electronics,567,2020-02-15 20:00:00,470.796672408471,PayPal,1.0,Good,4923.116801361696,17,No,No,New,In-store,1
13451,Alice,40.0,Other,Los Angeles,Clothing,193,2020-02-15 21:00:00,281.7111522885729,Bank Transfer,5.0,,2377.342597795859,87,Yes,Yes,VIP,In-store,1
10054,John,22.0,Other,Houston,Clothing,717,2020-02-15 22:00:00,304.107119420365,PayPal,1.0,Average,1635.092188104462,93,Yes,No,VIP,In-store,0
17643,Bob,47.0,Male,Chicago,Books,232,2020-02-15 23:00:00,488.7158167668678,Cash,2.0,,4320.215462258697,22,Yes,No,New,In-store,1
13462,Charlie,,Female,Chicago,Toys,533,2020-02-16 00:00:00,324.6432819634876,Credit Card,3.0,Average,2036.511347896155,14,No,No,New,Online,1
10832,Bob,63.0,Male,San Francisco,Toys,440,2020-02-16 01:00:00,25.08541874176584,PayPal,1.0,Good,293.1854315230137,6,No,No,New,Online,1
15954,Alice,61.0,Female,New York,Books,413,2020-02-16 02:00:00,364.6633605489564,Credit Card,,Excellent,3678.379953456466,41,No,Yes,Regular,Online,1
18519,Eve,21.0,Male,San Francisco,Books,690,2020-02-16 03:00:00,453.6796591473337,Credit Card,1.0,Good,6314.578100001357,18,No,No,New,In-store,1
17221,Bob,46.0,Male,San Francisco,Electronics,311,2020-02-16 04:00:00,399.8343223992201,Credit Card,,Good,2885.574114473692,91,Yes,No,VIP,Online,0
13310,Eve,40.0,Male,San Francisco,Books,619,2020-02-16 05:00:00,,Credit Card,4.0,Excellent,,1,No,No,New,Online,1
13300,Charlie,23.0,Male,San Francisco,Clothing,258,2020-02-16 06:00:00,338.938721415823,PayPal,4.0,,2277.688402137914,64,No,No,Regular,Both,0
16722,Bob,49.0,Female,Chicago,Home Appliances,367,2020-02-16 07:00:00,495.1939767333191,Cash,1.0,,5945.23222139264,89,Yes,No,VIP,In-store,0
17218,John,59.0,Female,New York,Clothing,760,2020-02-16 08:00:00,54.42442336957578,Bank Transfer,2.0,Bad,791.5075236841939,52,Yes,No,Regular,In-store,0
17776,Eve,35.0,Other,San Francisco,Books,961,2020-02-16 09:00:00,336.9499660302874,PayPal,4.0,,2097.782310584768,6,Yes,No,New,Online,1
13675,Charlie,32.0,Male,Chicago,Toys,702,2020-02-16 10:00:00,148.864870339591,Cash,3.0,,1585.384986186793,10,No,No,New,Online,1
13054,John,57.0,Female,San Francisco,Clothing,847,2020-02-16 11:00:00,323.6442943272233,Bank Transfer,3.0,Good,2740.064086535012,88,No,No,VIP,Both,0
17970,John,49.0,Female,Los Angeles,Toys,573,2020-02-16 12:00:00,307.73555218313,Credit Card,5.0,,1556.596314363257,67,No,No,Regular,Online,0
12143,John,26.0,Female,San Francisco,Clothing,900,2020-02-16 13:00:00,85.19384773299942,Bank Transfer,5.0,Excellent,1000.777265044625,31,Yes,No,New,Online,0
15207,John,54.0,Male,San Francisco,Toys,509,2020-02-16 14:00:00,,Bank Transfer,2.0,Good,,67,No,No,Regular,Online,0
19503,Bob,27.0,Other,Houston,Clothing,573,2020-02-16 15:00:00,314.5984932411746,Cash,4.0,,4052.914528958983,78,Yes,No,Regular,In-store,0
12538,Bob,37.0,Female,Los Angeles,Toys,455,2020-02-16 16:00:00,72.83267417884932,Bank Transfer,3.0,Bad,479.23814669193,79,No,No,Regular,Online,0
14547,Bob,23.0,Male,New York,Home Appliances,779,2020-02-16 17:00:00,139.9386288138582,Credit Card,3.0,,1782.513535578384,59,No,No,Regular,In-store,0
15619,Charlie,65.0,Female,San Francisco,Electronics,292,2020-02-16 18:00:00,,PayPal,2.0,Average,,52,No,Yes,Regular,Online,1
18356,Charlie,20.0,Female,New York,Clothing,798,2020-02-16 19:00:00,170.2748379408029,PayPal,4.0,,1628.662452253277,3,Yes,No,New,In-store,1
16612,Charlie,59.0,Other,Los Angeles,Home Appliances,370,2020-02-16 20:00:00,249.1494765721348,Cash,2.0,,2306.259217166417,24,No,No,New,Online,1
15005,Alice,28.0,Female,San Francisco,Electronics,213,2020-02-16 21:00:00,471.1587642214618,Credit Card,1.0,Good,6351.10379704449,87,Yes,No,VIP,Online,0
10822,Charlie,60.0,Female,Houston,Clothing,996,2020-02-16 22:00:00,121.3030535301037,Credit Card,3.0,Average,1686.404953928432,100,No,No,VIP,In-store,0
10943,Bob,34.0,Male,Chicago,Home Appliances,622,2020-02-16 23:00:00,200.9167485054251,Bank Transfer,,,2253.035250823455,56,Yes,No,Regular,Online,0
16150,Bob,49.0,Male,Houston,Home Appliances,154,2020-02-17 00:00:00,307.1643100163374,Cash,2.0,Good,2931.045795099882,51,Yes,Yes,Regular,Online,1
14425,Alice,21.0,Other,Houston,Home Appliances,869,2020-02-17 01:00:00,380.1160754569464,Credit Card,1.0,Bad,5256.354720161487,56,Yes,Yes,Regular,Online,1
18966,Alice,21.0,Male,Chicago,Books,164,2020-02-17 02:00:00,451.8101594892255,Credit Card,5.0,Bad,4888.643704477756,30,No,No,New,In-store,0
12198,Charlie,34.0,Male,Chicago,Toys,783,2020-02-17 03:00:00,458.5817639110224,Credit Card,3.0,,5360.996889958075,17,No,No,New,Online,1
14242,Eve,58.0,Other,Chicago,Electronics,371,2020-02-17 04:00:00,390.5536364425852,PayPal,2.0,Good,5741.491859419782,66,No,No,Regular,Online,0
13695,Alice,36.0,Female,San Francisco,Toys,601,2020-02-17 05:00:00,121.8821099307221,PayPal,3.0,Average,680.7705054593379,58,Yes,No,Regular,Online,0
13452,John,22.0,Other,New York,Toys,761,2020-02-17 06:00:00,22.15657172085724,PayPal,5.0,Excellent,272.5284943922803,67,Yes,Yes,Regular,Online,1
19106,Bob,49.0,Male,New York,Toys,461,2020-02-17 07:00:00,198.0492258742557,Bank Transfer,2.0,Average,2820.522331160969,81,No,No,VIP,In-store,0
11308,John,39.0,Other,Chicago,Home Appliances,245,2020-02-17 08:00:00,79.35893698403343,Bank Transfer,1.0,Excellent,1098.415477100705,87,Yes,No,VIP,Both,0
14177,Bob,23.0,Female,Houston,Toys,308,2020-02-17 09:00:00,358.0899472447661,Bank Transfer,3.0,,2441.589653783606,22,No,No,New,Online,1
18705,,52.0,Other,Los Angeles,Books,385,2020-02-17 10:00:00,333.9539875446012,Credit Card,1.0,,2037.34796798143,50,Yes,No,Regular,Online,0
16852,Alice,39.0,Male,Chicago,Clothing,109,2020-02-17 11:00:00,31.54610439451287,PayPal,5.0,Average,330.338578046218,54,No,Yes,Regular,Online,1
16035,,18.0,Male,Houston,Home Appliances,838,2020-02-17 12:00:00,419.930951774166,Credit Card,5.0,,6070.220896139357,77,No,No,Regular,Both,0
13594,John,37.0,Other,Houston,Electronics,285,2020-02-17 13:00:00,131.8842004826793,Credit Card,3.0,Excellent,1198.407109594036,72,No,No,Regular,In-store,0
14841,Bob,39.0,Female,San Francisco,Clothing,673,2020-02-17 14:00:00,221.7912669906107,Cash,5.0,Average,2959.271424293609,22,No,No,New,Online,1
11409,John,,Other,San Francisco,Clothing,696,2020-02-17 15:00:00,337.2875303733138,Credit Card,4.0,Bad,4503.003422488443,19,No,Yes,New,Online,1
14566,Eve,28.0,Female,New York,Clothing,563,2020-02-17 16:00:00,220.4152055576041,Bank Transfer,3.0,Excellent,3011.030792956143,43,No,No,Regular,Online,0
14491,John,30.0,Female,New York,Toys,233,2020-02-17 17:00:00,226.2310233719723,PayPal,4.0,Bad,3293.54657164763,15,Yes,No,New,In-store,1
11555,Charlie,59.0,Other,Los Angeles,Toys,934,2020-02-17 18:00:00,42.15771771451278,PayPal,5.0,Bad,326.0504014564466,10,Yes,No,New,Both,1
10804,John,20.0,Female,Los Angeles,Home Appliances,908,2020-02-17 19:00:00,206.7073391374019,Credit Card,3.0,,2671.304027350091,49,No,Yes,Regular,Online,1
11279,Charlie,26.0,Male,Los Angeles,Toys,270,2020-02-17 20:00:00,,Bank Transfer,4.0,,,34,No,No,New,Online,0
17083,Charlie,29.0,Other,Los Angeles,Toys,312,2020-02-17 21:00:00,458.4364052214329,Bank Transfer,5.0,Average,5566.437615971768,50,No,No,Regular,In-store,0
15986,Charlie,40.0,Female,Houston,Toys,629,2020-02-17 22:00:00,212.6135971610522,Bank Transfer,2.0,Excellent,2000.334006654418,28,No,Yes,New,Online,1
15619,Eve,31.0,Male,Houston,Home Appliances,925,2020-02-17 23:00:00,217.5570551707486,PayPal,2.0,Excellent,1120.963934791618,52,No,No,Regular,Both,0
11387,John,50.0,Other,New York,Home Appliances,601,2020-02-18 00:00:00,354.2872820985895,Bank Transfer,1.0,,2064.073579223161,85,Yes,No,VIP,Online,0
12679,John,35.0,Male,San Francisco,Books,671,2020-02-18 01:00:00,471.9582805415855,Bank Transfer,2.0,,6998.060328979381,62,Yes,No,Regular,Online,0
12106,Eve,66.0,Male,San Francisco,Books,699,2020-02-18 02:00:00,140.8598607172865,Credit Card,4.0,Bad,1672.445219055614,23,No,No,New,Both,1
18173,Bob,58.0,Male,Chicago,Books,126,2020-02-18 03:00:00,225.670661203589,Cash,2.0,,2918.113797456052,54,No,No,Regular,Both,0
14223,Alice,26.0,Female,Houston,Books,167,2020-02-18 04:00:00,400.0268893406276,Bank Transfer,3.0,Average,2452.999254840778,78,Yes,Yes,Regular,Both,1
14831,John,,Other,Los Angeles,Clothing,889,2020-02-18 05:00:00,308.7498489932789,Credit Card,3.0,,1777.067630000349,53,No,No,Regular,Online,0
12768,,27.0,Other,Los Angeles,Clothing,507,2020-02-18 06:00:00,64.18730854233782,Credit Card,3.0,,458.3835857224025,90,No,No,VIP,In-store,0
13186,Eve,36.0,Female,Chicago,Books,651,2020-02-18 07:00:00,317.5890404255102,Bank Transfer,2.0,Bad,1666.675081629714,74,Yes,No,Regular,Online,0
12573,Bob,64.0,Other,San Francisco,Books,208,2020-02-18 08:00:00,101.5056794526902,Cash,2.0,,985.4461327084099,52,No,No,Regular,Online,0
12599,Bob,22.0,Male,Los Angeles,Electronics,173,2020-02-18 09:00:00,260.005807698418,PayPal,1.0,,1495.7855330966,99,No,No,VIP,Online,0
14033,Bob,64.0,Other,San Francisco,Clothing,677,2020-02-18 10:00:00,269.2606011536149,Cash,5.0,Bad,1451.98052663547,95,No,No,VIP,In-store,0
18428,Eve,69.0,Female,Chicago,Electronics,779,2020-02-18 11:00:00,439.3396474902426,Bank Transfer,1.0,Good,2297.863699653336,78,No,No,Regular,Online,0
11304,Charlie,40.0,Male,San Francisco,Electronics,361,2020-02-18 12:00:00,,Cash,4.0,Excellent,,26,No,No,New,Online,1
17368,Charlie,47.0,Female,San Francisco,Toys,467,2020-02-18 13:00:00,146.9267868955882,Credit Card,3.0,,1656.11073470332,53,No,No,Regular,In-store,0
15877,Alice,42.0,Male,San Francisco,Home Appliances,885,2020-02-18 14:00:00,123.1735106258555,Credit Card,2.0,,1500.486320097766,81,Yes,No,VIP,Both,0
11301,Charlie,45.0,Male,Los Angeles,Clothing,948,2020-02-18 15:00:00,,Cash,5.0,,,98,No,No,VIP,In-store,0
12541,Charlie,51.0,Other,New York,Books,969,2020-02-18 16:00:00,93.79531866493191,PayPal,5.0,Good,670.842631161875,22,Yes,No,New,In-store,1
12051,Bob,62.0,Male,Houston,Books,336,2020-02-18 17:00:00,218.6755948327404,Cash,2.0,Average,1836.11147179204,61,No,No,Regular,Online,0
16809,Bob,65.0,Female,San Francisco,Home Appliances,826,2020-02-18 18:00:00,101.714826314204,Bank Transfer,1.0,,865.5414064862341,30,No,Yes,New,Online,1
18633,Alice,,Other,San Francisco,Clothing,465,2020-02-18 19:00:00,388.9189796560439,PayPal,5.0,Bad,4704.729818696576,75,No,No,Regular,Both,0
18996,John,42.0,Female,San Francisco,Books,385,2020-02-18 20:00:00,242.4425935875633,Cash,1.0,,1421.357122633088,35,No,Yes,New,Both,1
10074,Alice,27.0,Male,New York,Books,477,2020-02-18 21:00:00,182.0604083728379,Cash,2.0,Average,1726.302405970604,87,Yes,No,VIP,Online,0
16981,Alice,31.0,Female,Chicago,Toys,760,2020-02-18 22:00:00,186.9388239069687,PayPal,1.0,,1097.34969362881,24,No,No,New,Both,1
15475,Eve,59.0,Female,Los Angeles,Electronics,929,2020-02-18 23:00:00,427.5849612942599,Cash,3.0,Excellent,5607.395043148542,94,No,No,VIP,Online,0
18232,,63.0,Male,New York,Books,475,2020-02-19 00:00:00,281.3492376042747,Bank Transfer,,,2090.90917760832,87,Yes,No,VIP,Both,0
17184,Alice,47.0,Other,San Francisco,Clothing,718,2020-02-19 01:00:00,361.7552470543192,Credit Card,2.0,,4223.992911308708,87,No,No,VIP,Both,0
15796,Alice,58.0,Female,New York,Home Appliances,752,2020-02-19 02:00:00,449.5488729628354,Bank Transfer,5.0,Good,6273.411225933506,75,Yes,No,Regular,In-store,0
17141,Alice,42.0,Male,New York,Toys,175,2020-02-19 03:00:00,451.8534212599146,Cash,5.0,Average,2795.916968402566,95,Yes,No,VIP,Online,0
11622,Charlie,31.0,Other,New York,Clothing,108,2020-02-19 04:00:00,170.9694366255529,Credit Card,5.0,,2472.403681404796,88,Yes,No,VIP,Online,0
18041,Eve,,Other,Chicago,Toys,295,2020-02-19 05:00:00,476.7011189417288,PayPal,3.0,Excellent,3966.102722230377,97,Yes,Yes,VIP,Online,1
10341,Alice,69.0,Other,Houston,Electronics,906,2020-02-19 06:00:00,22.18918218715667,Bank Transfer,3.0,Bad,280.4030622622428,57,No,Yes,Regular,Online,1
12074,,65.0,Female,Los Angeles,Books,891,2020-02-19 07:00:00,194.6494248979212,PayPal,4.0,Bad,2665.909186464172,32,No,No,New,Online,0
17992,Bob,51.0,Female,Chicago,Clothing,992,2020-02-19 08:00:00,448.9414401793324,Credit Card,2.0,Excellent,6640.405760452489,30,No,No,New,Online,0
10645,Charlie,27.0,Female,Chicago,Home Appliances,729,2020-02-19 09:00:00,,Cash,5.0,,,77,No,No,Regular,Online,0
14263,Charlie,52.0,Other,Houston,Electronics,389,2020-02-19 10:00:00,143.809910657446,Credit Card,2.0,Excellent,792.4481924346459,57,No,No,Regular,In-store,0
18801,John,28.0,Female,Chicago,Electronics,160,2020-02-19 11:00:00,158.2849196901255,Credit Card,1.0,,1789.769899830882,65,No,No,Regular,Online,0
16136,John,28.0,Male,New York,Toys,488,2020-02-19 12:00:00,310.0335585749919,PayPal,3.0,Average,4097.574640906048,41,Yes,No,Regular,In-store,0
18646,John,38.0,Female,New York,Electronics,946,2020-02-19 13:00:00,,Bank Transfer,4.0,Good,,9,No,Yes,New,Online,1
19900,Charlie,38.0,Female,San Francisco,Clothing,917,2020-02-19 14:00:00,366.1000698131378,Credit Card,1.0,,4229.494187078872,31,Yes,No,New,In-store,0
12969,Charlie,39.0,Other,Chicago,Toys,662,2020-02-19 15:00:00,448.5062148566863,Cash,2.0,Bad,3075.34194103214,97,Yes,No,VIP,In-store,0
13028,Charlie,62.0,Female,San Francisco,Electronics,663,2020-02-19 16:00:00,340.3576937220017,Credit Card,3.0,Bad,4606.943612551025,92,No,Yes,VIP,Online,1
17643,Bob,,Male,Los Angeles,Home Appliances,733,2020-02-19 17:00:00,,PayPal,5.0,Good,,75,No,Yes,Regular,In-store,1
12681,Charlie,34.0,Other,New York,Clothing,778,2020-02-19 18:00:00,467.0141321566461,Bank Transfer,1.0,,5359.392031735224,48,No,No,Regular,In-store,0
13629,Bob,19.0,Male,Los Angeles,Home Appliances,107,2020-02-19 19:00:00,,Cash,,Good,,2,No,No,New,Online,1
14225,John,29.0,Other,Houston,Home Appliances,468,2020-02-19 20:00:00,83.44820471079748,PayPal,,,1170.481064853922,18,No,No,New,In-store,1
13067,John,59.0,Other,New York,Toys,144,2020-02-19 21:00:00,54.08396664187084,Credit Card,2.0,Good,276.8057739159415,89,Yes,No,VIP,Online,0
15941,John,35.0,Female,Los Angeles,Books,443,2020-02-19 22:00:00,286.0580329264212,Credit Card,1.0,,2777.142519129925,72,No,No,Regular,Online,0
11386,Alice,28.0,Male,Houston,Toys,856,2020-02-19 23:00:00,65.74360661551938,Bank Transfer,1.0,Bad,923.1466886637526,21,No,Yes,New,Online,1
12866,Alice,33.0,Other,Los Angeles,Clothing,895,2020-02-20 00:00:00,78.00018321518907,PayPal,1.0,Average,562.3089773176995,30,Yes,No,New,Online,0
14788,Eve,66.0,Female,Houston,Clothing,474,2020-02-20 01:00:00,157.0149354917934,PayPal,4.0,,2142.018727569287,49,No,No,Regular,Online,0
15490,Eve,68.0,Other,Houston,Toys,718,2020-02-20 02:00:00,148.0099747453873,Bank Transfer,5.0,,940.9044776547327,61,No,No,Regular,In-store,0
14124,Eve,35.0,Other,New York,Books,126,2020-02-20 03:00:00,306.0773600627497,Cash,3.0,,3381.450532019691,11,No,No,New,Online,1
18340,Alice,,Other,San Francisco,Toys,292,2020-02-20 04:00:00,410.2051869416139,PayPal,2.0,,5856.919410646453,50,No,No,Regular,Online,0
13850,Alice,43.0,Other,Houston,Clothing,948,2020-02-20 05:00:00,383.0613315394173,Bank Transfer,2.0,Excellent,5743.468622536491,50,No,No,Regular,In-store,0
15415,Eve,33.0,Other,Houston,Books,456,2020-02-20 06:00:00,138.6173828110736,PayPal,5.0,,1263.5785693707,51,No,No,Regular,In-store,0
17679,Eve,23.0,Other,New York,Clothing,161,2020-02-20 07:00:00,130.2021440131302,Bank Transfer,1.0,,801.4947125528489,28,No,No,New,Online,0
16819,,61.0,Female,San Francisco,Books,161,2020-02-20 08:00:00,483.2378497524141,Credit Card,1.0,Good,6754.869673367709,23,Yes,No,New,Online,1
19328,Eve,60.0,Other,Chicago,Books,521,2020-02-20 09:00:00,14.03575838006046,Credit Card,2.0,Good,78.28280684142416,49,No,No,Regular,In-store,0
18378,Charlie,64.0,Male,Chicago,Toys,893,2020-02-20 10:00:00,441.0630611995057,PayPal,5.0,,5801.654305863023,41,No,Yes,Regular,In-store,1
19442,Bob,64.0,Female,San Francisco,Toys,732,2020-02-20 11:00:00,107.8669743699784,PayPal,2.0,Average,1087.014398232523,90,No,No,VIP,In-store,0
11333,Alice,65.0,Male,Los Angeles,Toys,891,2020-02-20 12:00:00,474.1693183139863,Credit Card,1.0,Average,2413.401847112176,88,No,No,VIP,Online,0
14150,Eve,,Other,New York,Books,650,2020-02-20 13:00:00,177.7305695654846,Cash,3.0,Average,2291.792301664356,18,No,No,New,Online,1
16766,Alice,29.0,Male,San Francisco,Books,479,2020-02-20 14:00:00,225.7723692076936,Bank Transfer,1.0,Excellent,1138.579716688478,70,No,Yes,Regular,Online,1
12711,Alice,30.0,Other,Chicago,Clothing,376,2020-02-20 15:00:00,,Cash,3.0,Average,,6,No,No,New,Online,1
14853,Alice,21.0,Other,Houston,Home Appliances,705,2020-02-20 16:00:00,297.9578352218975,Cash,4.0,Average,4052.306325775499,79,Yes,No,Regular,Both,0
16212,Bob,56.0,Female,Chicago,Toys,530,2020-02-20 17:00:00,165.7902715563432,Cash,5.0,,2189.61845569019,63,Yes,No,Regular,Online,0
17479,John,19.0,Female,Houston,Clothing,214,2020-02-20 18:00:00,,Credit Card,4.0,,,53,Yes,No,Regular,In-store,0
15408,Eve,43.0,Other,New York,Clothing,787,2020-02-20 19:00:00,368.0463733378143,PayPal,1.0,,3442.754706431988,45,No,No,Regular,Both,0
19977,,44.0,Female,Houston,Electronics,220,2020-02-20 20:00:00,30.74412349222112,Cash,5.0,,335.7222734191256,10,Yes,Yes,New,Online,1
17715,John,44.0,Male,San Francisco,Toys,624,2020-02-20 21:00:00,15.48765957529502,Credit Card,1.0,,153.7653888205954,24,No,No,New,Online,1
18942,John,32.0,Female,Houston,Clothing,998,2020-02-20 22:00:00,234.4528001457167,Bank Transfer,5.0,,1626.642570984388,61,No,No,Regular,Online,0
11762,,25.0,Female,Los Angeles,Electronics,515,2020-02-20 23:00:00,74.59994272372195,PayPal,5.0,Bad,539.0546259690715,51,No,No,Regular,In-store,0
17101,Charlie,24.0,Male,San Francisco,Toys,262,2020-02-21 00:00:00,335.52870281771,Bank Transfer,1.0,Good,2470.15019095968,28,No,No,New,Online,0
17674,Alice,64.0,Female,New York,Books,886,2020-02-21 01:00:00,114.8857035514427,Cash,1.0,Average,1540.852929066814,4,Yes,No,New,In-store,1
16122,Alice,63.0,Other,San Francisco,Electronics,787,2020-02-21 02:00:00,222.0970423298788,PayPal,5.0,Average,2107.592979854293,96,Yes,Yes,VIP,Online,1
10481,John,57.0,Male,Los Angeles,Books,436,2020-02-21 03:00:00,106.8587590683918,Cash,5.0,,622.3789854767522,17,No,No,New,In-store,1
10153,Alice,29.0,Other,New York,Home Appliances,478,2020-02-21 04:00:00,,PayPal,1.0,Average,,72,Yes,Yes,Regular,Online,1
17617,John,30.0,Male,Chicago,Home Appliances,423,2020-02-21 05:00:00,66.86619509843877,Cash,1.0,,1001.721594047051,61,No,No,Regular,In-store,0
11524,Charlie,60.0,Other,Los Angeles,Home Appliances,272,2020-02-21 06:00:00,21.32235786586533,Bank Transfer,,Excellent,128.3977879483826,85,Yes,No,VIP,Online,0
12120,Eve,34.0,Other,New York,Home Appliances,886,2020-02-21 07:00:00,35.05450267228162,Bank Transfer,2.0,,517.3964220371602,26,Yes,Yes,New,Both,1
12343,John,34.0,Female,Houston,Clothing,163,2020-02-21 08:00:00,477.5866363425018,Cash,2.0,,5453.096361584408,98,No,No,VIP,In-store,0
15136,Charlie,53.0,Other,San Francisco,Home Appliances,200,2020-02-21 09:00:00,79.72024711935855,PayPal,4.0,Good,689.7228309534543,80,No,No,Regular,Both,0
15760,Eve,38.0,Female,New York,Clothing,421,2020-02-21 10:00:00,357.1543440370493,Bank Transfer,5.0,,3921.223303964336,11,No,Yes,New,Both,1
11240,,,Male,San Francisco,Clothing,165,2020-02-21 11:00:00,43.28384006918486,PayPal,3.0,Good,585.1710295033329,36,No,No,New,In-store,0
10060,John,22.0,Other,Houston,Toys,942,2020-02-21 12:00:00,62.99857259523926,PayPal,4.0,,661.726672070271,37,Yes,No,New,Online,0
19130,John,43.0,Other,New York,Clothing,656,2020-02-21 13:00:00,259.349363190574,Bank Transfer,5.0,Average,2371.305007937019,53,No,Yes,Regular,Online,1
11639,Bob,33.0,Male,Chicago,Clothing,698,2020-02-21 14:00:00,237.7867557756284,Credit Card,3.0,,1332.594757877185,69,No,No,Regular,Both,0
16185,Bob,53.0,Male,Los Angeles,Home Appliances,557,2020-02-21 15:00:00,476.2743516255361,Credit Card,2.0,Average,4202.101381598575,59,No,No,Regular,Both,0
17970,John,45.0,Other,New York,Clothing,678,2020-02-21 16:00:00,472.9693719801613,PayPal,3.0,,6761.574405965611,57,Yes,No,Regular,Online,0
11252,Bob,46.0,Male,Houston,Books,552,2020-02-21 17:00:00,392.0082348458079,Bank Transfer,1.0,Average,4068.877618238246,59,Yes,No,Regular,Online,0
14203,Alice,64.0,Female,New York,Home Appliances,358,2020-02-21 18:00:00,,Credit Card,1.0,,,100,No,No,VIP,Both,0
18363,Eve,29.0,Male,San Francisco,Electronics,816,2020-02-21 19:00:00,232.9305555225754,Cash,5.0,Excellent,2982.835784047563,88,No,No,VIP,Online,0
19650,Eve,54.0,Male,New York,Home Appliances,525,2020-02-21 20:00:00,184.5274818209263,PayPal,4.0,Bad,1025.676885106656,62,Yes,Yes,Regular,Online,1
13549,Eve,47.0,Other,Chicago,Clothing,277,2020-02-21 21:00:00,474.0728980180222,Credit Card,2.0,,4191.099929877218,26,Yes,No,New,Both,1
14197,Alice,40.0,Female,New York,Books,379,2020-02-21 22:00:00,305.4253175980959,Bank Transfer,,Excellent,2280.272479106886,31,No,No,New,Both,0
17009,Bob,33.0,Male,Los Angeles,Home Appliances,443,2020-02-21 23:00:00,,Bank Transfer,2.0,Bad,,67,No,No,Regular,In-store,0
16667,Charlie,31.0,Female,New York,Books,116,2020-02-22 00:00:00,123.6315496667683,PayPal,1.0,,1032.249694477738,36,No,No,New,Online,0
12322,Bob,27.0,Female,San Francisco,Electronics,395,2020-02-22 01:00:00,32.88193076370541,Bank Transfer,4.0,Bad,475.6641477652059,43,No,No,Regular,In-store,0
19828,John,24.0,Female,New York,Electronics,301,2020-02-22 02:00:00,,Cash,4.0,,,49,Yes,No,Regular,In-store,0
14090,Eve,62.0,Other,Chicago,Toys,783,2020-02-22 03:00:00,,Cash,1.0,,,15,No,Yes,New,Online,1
16960,Bob,69.0,Male,Houston,Toys,873,2020-02-22 04:00:00,226.8686214289848,Credit Card,3.0,,1524.531503922139,71,Yes,No,Regular,Online,0
13004,Charlie,54.0,Other,New York,Home Appliances,293,2020-02-22 05:00:00,66.17357235699635,Bank Transfer,4.0,Bad,480.8517206105087,94,No,No,VIP,In-store,0
15136,John,46.0,Male,New York,Toys,248,2020-02-22 06:00:00,420.0929216555531,Cash,3.0,Good,6031.931670119017,41,No,No,Regular,Online,0
10329,Alice,20.0,Male,Los Angeles,Books,474,2020-02-22 07:00:00,23.53959809940601,PayPal,2.0,Good,234.7720818951929,60,No,No,Regular,Online,0
13640,Alice,32.0,Other,Chicago,Toys,987,2020-02-22 08:00:00,,Bank Transfer,4.0,,,79,No,Yes,Regular,In-store,1
17982,Charlie,53.0,Female,Houston,Books,134,2020-02-22 09:00:00,78.73965626610372,Credit Card,1.0,Good,956.6387077860801,95,Yes,No,VIP,Online,0
14107,John,64.0,Female,San Francisco,Toys,468,2020-02-22 10:00:00,,PayPal,3.0,Average,,7,No,Yes,New,In-store,1
11341,Eve,63.0,Male,New York,Toys,128,2020-02-22 11:00:00,367.5885922947171,PayPal,2.0,,5109.06262144592,31,Yes,No,New,Both,0
18407,Bob,69.0,Other,Houston,Toys,874,2020-02-22 12:00:00,90.6884286285795,PayPal,2.0,,555.636276642835,27,No,No,New,Online,0
10338,John,36.0,Female,San Francisco,Clothing,320,2020-02-22 13:00:00,287.2508165011394,Cash,4.0,Average,2523.897918530887,24,No,No,New,Both,1
15895,Alice,30.0,Female,Chicago,Clothing,152,2020-02-22 14:00:00,163.2015940340575,PayPal,4.0,,1688.781725757932,4,No,No,New,Both,1
12708,Charlie,59.0,Male,Chicago,Toys,890,2020-02-22 15:00:00,,Cash,5.0,Bad,,8,No,No,New,In-store,1
11750,Charlie,38.0,Male,Houston,Books,452,2020-02-22 16:00:00,430.9992777114431,PayPal,5.0,,5298.318616463769,27,Yes,Yes,New,Online,1
15604,Bob,54.0,Other,San Francisco,Home Appliances,491,2020-02-22 17:00:00,,Cash,4.0,Average,,49,Yes,No,Regular,In-store,0
12421,Charlie,44.0,Male,Chicago,Electronics,175,2020-02-22 18:00:00,205.2864200390374,Bank Transfer,5.0,Bad,1793.890900836007,2,No,Yes,New,Online,1
17119,Charlie,69.0,Female,Houston,Clothing,593,2020-02-22 19:00:00,93.2444706552438,Cash,1.0,Good,860.4811556499815,76,Yes,Yes,Regular,Online,1
18901,John,46.0,Female,Chicago,Toys,787,2020-02-22 20:00:00,197.7021812820315,Cash,1.0,Good,1657.175663899219,67,No,No,Regular,Online,0
15319,Eve,37.0,Female,Chicago,Electronics,621,2020-02-22 21:00:00,437.0922547011366,Bank Transfer,,,5412.845414321006,28,No,No,New,Online,0
16609,,42.0,Female,Chicago,Clothing,216,2020-02-22 22:00:00,187.9330681399216,PayPal,4.0,,2270.952499379412,39,No,Yes,New,In-store,1
15387,John,23.0,Other,Los Angeles,Home Appliances,379,2020-02-22 23:00:00,476.2857456248962,Bank Transfer,1.0,Good,6190.40866384275,1,No,Yes,New,Online,1
13993,Eve,53.0,Other,San Francisco,Books,829,2020-02-23 00:00:00,473.6913606121099,PayPal,2.0,,5811.566687719177,38,Yes,No,New,Both,0
18680,John,19.0,Male,Houston,Toys,274,2020-02-23 01:00:00,,Cash,4.0,Good,,79,No,Yes,Regular,Online,1
18044,John,39.0,Male,Houston,Home Appliances,845,2020-02-23 02:00:00,96.88251422609599,PayPal,3.0,,791.2560169144966,52,No,No,Regular,Online,0
18238,Charlie,49.0,Male,San Francisco,Clothing,863,2020-02-23 03:00:00,432.7102944626257,Cash,3.0,Excellent,2487.053933250396,30,No,No,New,In-store,0
14873,Eve,33.0,Other,San Francisco,Toys,394,2020-02-23 04:00:00,202.4528502731124,PayPal,4.0,Good,2626.768460172292,35,No,No,New,Online,0
14806,Bob,35.0,Female,San Francisco,Electronics,550,2020-02-23 05:00:00,12.14325131867458,Cash,5.0,Good,73.39072107154377,4,Yes,No,New,Online,1
18592,Bob,22.0,Male,San Francisco,Books,933,2020-02-23 06:00:00,144.1971916556318,Cash,1.0,,1666.523113854426,49,No,No,Regular,Online,0
15913,Eve,53.0,Female,New York,Clothing,617,2020-02-23 07:00:00,302.8382066658244,Credit Card,1.0,,3628.575517176724,68,Yes,No,Regular,Both,0
17124,Charlie,47.0,Male,Houston,Books,120,2020-02-23 08:00:00,401.6403233203843,PayPal,4.0,Bad,3500.146204944416,32,No,No,New,Online,0
13157,Alice,62.0,Male,New York,Toys,172,2020-02-23 09:00:00,,PayPal,2.0,,,81,No,No,VIP,In-store,0
10390,John,36.0,Male,Chicago,Home Appliances,941,2020-02-23 10:00:00,64.16526856420032,Credit Card,5.0,Average,359.2541592755407,30,Yes,No,New,Both,0
14430,Charlie,40.0,Male,Chicago,Books,135,2020-02-23 11:00:00,461.8254002504425,Cash,2.0,Excellent,5883.611063031809,19,Yes,No,New,Online,1
18820,Eve,51.0,Male,Houston,Electronics,606,2020-02-23 12:00:00,,Cash,4.0,,,89,Yes,No,VIP,In-store,0
17686,John,30.0,Female,Chicago,Clothing,998,2020-02-23 13:00:00,298.9920043812584,Credit Card,4.0,Bad,4043.039713355006,91,No,No,VIP,Both,0
14232,Bob,60.0,Male,San Francisco,Electronics,332,2020-02-23 14:00:00,386.9015270980047,Credit Card,2.0,,2908.298280525946,56,Yes,No,Regular,In-store,0
18007,Alice,46.0,Female,New York,Books,827,2020-02-23 15:00:00,220.1386370402528,Bank Transfer,3.0,Good,1528.446999012255,41,Yes,No,Regular,Both,0
11521,Bob,53.0,Other,San Francisco,Home Appliances,596,2020-02-23 16:00:00,381.643316181472,Cash,4.0,,5251.007419865403,8,No,No,New,In-store,1
19018,Eve,39.0,Male,Chicago,Home Appliances,305,2020-02-23 17:00:00,192.1834657245225,Bank Transfer,5.0,,1392.186367653568,83,No,Yes,VIP,Both,1
11500,John,69.0,Female,New York,Electronics,525,2020-02-23 18:00:00,,PayPal,2.0,Bad,,51,No,Yes,Regular,Online,1
16737,Eve,69.0,Other,San Francisco,Toys,143,2020-02-23 19:00:00,367.2165764335546,Bank Transfer,3.0,Average,3977.242175448808,36,No,No,New,In-store,0
13294,John,64.0,Other,Houston,Toys,190,2020-02-23 20:00:00,215.6394231570615,Credit Card,2.0,,3036.393319642951,100,No,No,VIP,Online,0
15085,Charlie,53.0,Other,San Francisco,Home Appliances,927,2020-02-23 21:00:00,490.8747811198355,Credit Card,3.0,Average,4330.219423716197,61,Yes,No,Regular,In-store,0
12419,Alice,,Female,Chicago,Electronics,569,2020-02-23 22:00:00,181.2477393309695,Credit Card,3.0,Average,1222.007962752129,99,Yes,No,VIP,Online,0
19126,Charlie,56.0,Male,New York,Electronics,704,2020-02-23 23:00:00,461.6464360602223,Credit Card,5.0,,4357.902564118842,18,Yes,No,New,Online,1
13042,Charlie,68.0,Male,Houston,Electronics,566,2020-02-24 00:00:00,467.151648797869,Bank Transfer,4.0,Average,6530.452215584865,48,No,Yes,Regular,Online,1
14497,Eve,36.0,Female,New York,Books,950,2020-02-24 01:00:00,128.5079440617256,Bank Transfer,3.0,Bad,1869.929771958402,59,Yes,Yes,Regular,Online,1
11466,Alice,55.0,Male,Houston,Toys,553,2020-02-24 02:00:00,401.1283789781265,Bank Transfer,4.0,,2489.879372147594,54,No,Yes,Regular,In-store,1
13561,John,23.0,Female,New York,Toys,694,2020-02-24 03:00:00,222.2065075208369,Credit Card,5.0,,1519.531466853038,12,Yes,No,New,Both,1
10614,John,69.0,Male,Chicago,Books,432,2020-02-24 04:00:00,459.5871163428706,Credit Card,4.0,Bad,5932.679641399155,91,No,No,VIP,In-store,0
15392,Bob,64.0,Other,Houston,Clothing,606,2020-02-24 05:00:00,,Cash,1.0,,,28,No,No,New,In-store,0
17693,John,32.0,Male,Los Angeles,Books,893,2020-02-24 06:00:00,,Cash,3.0,Average,,63,Yes,No,Regular,Online,0
19374,Eve,37.0,Female,New York,Electronics,569,2020-02-24 07:00:00,238.814030490261,Credit Card,5.0,,2977.580143156496,7,Yes,Yes,New,In-store,1
13223,Charlie,26.0,Female,New York,Books,120,2020-02-24 08:00:00,,Cash,2.0,Good,,89,No,No,VIP,In-store,0
17138,Charlie,49.0,Other,San Francisco,Electronics,327,2020-02-24 09:00:00,,PayPal,5.0,,,80,No,Yes,Regular,Online,1
12667,Charlie,21.0,Female,Houston,Home Appliances,475,2020-02-24 10:00:00,218.4612851856093,PayPal,3.0,Bad,1996.73524545463,81,No,Yes,VIP,Online,1
17980,,67.0,Male,Los Angeles,Electronics,229,2020-02-24 11:00:00,380.1923819369653,Credit Card,5.0,Average,2287.701690175436,3,No,Yes,New,Both,1
10130,John,,Male,Chicago,Toys,786,2020-02-24 12:00:00,306.4850277385758,Bank Transfer,2.0,Bad,3628.428542020346,23,Yes,No,New,In-store,1
12983,Eve,22.0,Other,San Francisco,Books,719,2020-02-24 13:00:00,347.4283520512662,PayPal,1.0,Excellent,4306.222508878683,66,Yes,Yes,Regular,In-store,1
14278,Alice,37.0,Female,Los Angeles,Electronics,513,2020-02-24 14:00:00,148.3399118586518,PayPal,3.0,Excellent,2141.830629057974,50,No,No,Regular,Both,0
17126,Bob,40.0,Other,Houston,Clothing,894,2020-02-24 15:00:00,245.9033195192267,Bank Transfer,3.0,Bad,2191.937761079444,69,Yes,No,Regular,In-store,0
18230,Eve,,Male,Los Angeles,Home Appliances,170,2020-02-24 16:00:00,31.75367983497023,Cash,5.0,Good,298.0377715902738,75,No,No,Regular,Online,0
17694,Eve,54.0,Other,New York,Clothing,503,2020-02-24 17:00:00,410.5908838194791,Bank Transfer,4.0,Good,5957.426305846832,77,No,No,Regular,Online,0
16640,Eve,39.0,Female,New York,Clothing,661,2020-02-24 18:00:00,495.0471594975386,Cash,,,3427.579193176438,66,No,No,Regular,In-store,0
15468,Charlie,21.0,Other,San Francisco,Clothing,706,2020-02-24 19:00:00,209.3707406860887,Cash,2.0,,1333.8355109629,24,No,Yes,New,Online,1
10920,Eve,46.0,Female,Houston,Home Appliances,890,2020-02-24 20:00:00,15.37219003445624,Bank Transfer,1.0,,78.1402317403367,69,No,No,Regular,In-store,0
17564,John,61.0,Female,Houston,Home Appliances,496,2020-02-24 21:00:00,93.19839337996422,Cash,1.0,Average,664.5802169377386,33,No,No,New,In-store,0
18684,Eve,,Male,Los Angeles,Home Appliances,436,2020-02-24 22:00:00,,PayPal,5.0,Good,,54,No,No,Regular,In-store,0
19323,Charlie,30.0,Male,San Francisco,Home Appliances,743,2020-02-24 23:00:00,309.918865919891,Credit Card,5.0,Bad,1921.413964196931,63,No,No,Regular,Online,0
18502,Eve,59.0,Male,Houston,Clothing,604,2020-02-25 00:00:00,396.0537125969165,Cash,4.0,Excellent,4011.402981050272,72,Yes,No,Regular,In-store,0
18930,Bob,26.0,Female,New York,Toys,375,2020-02-25 01:00:00,134.4031653709234,PayPal,1.0,,1162.387395240592,30,No,No,New,In-store,0
13241,Bob,59.0,Other,Los Angeles,Toys,991,2020-02-25 02:00:00,384.1796386180957,Bank Transfer,1.0,,4655.348182326129,19,No,No,New,In-store,1
10545,Charlie,48.0,Female,Chicago,Home Appliances,112,2020-02-25 03:00:00,347.1121705465982,Cash,1.0,,3538.369791213763,52,Yes,No,Regular,Online,0
14346,John,24.0,Male,New York,Books,102,2020-02-25 04:00:00,,PayPal,2.0,,,25,No,No,New,Both,1
19996,John,21.0,Male,San Francisco,Electronics,323,2020-02-25 05:00:00,277.2891925479114,Cash,2.0,Average,3900.518400013386,2,No,No,New,Online,1
13810,Alice,36.0,Other,Houston,Books,274,2020-02-25 06:00:00,82.16416616418009,Bank Transfer,5.0,,768.0251160528891,94,No,No,VIP,Online,0
17206,Charlie,59.0,Male,New York,Books,998,2020-02-25 07:00:00,,Credit Card,4.0,,,96,No,No,VIP,In-store,0
19005,Eve,47.0,Male,Chicago,Books,484,2020-02-25 08:00:00,441.786696382264,Cash,3.0,Average,5070.994341937415,36,No,No,New,Online,0
12032,Charlie,48.0,Male,Chicago,Toys,701,2020-02-25 09:00:00,216.3837761144415,Credit Card,4.0,Good,2095.038901210513,84,No,No,VIP,Online,0
18436,Alice,52.0,Other,San Francisco,Electronics,340,2020-02-25 10:00:00,421.3876861729568,Cash,2.0,Average,3275.179219231546,54,No,Yes,Regular,Online,1
10271,Charlie,38.0,Female,New York,Books,646,2020-02-25 11:00:00,299.2241489772503,Cash,2.0,,3475.11826994217,67,No,No,Regular,Both,0
13511,Charlie,48.0,Male,Los Angeles,Home Appliances,113,2020-02-25 12:00:00,104.0195894201548,Bank Transfer,5.0,Good,1289.556114099161,69,Yes,No,Regular,Online,0
11771,Alice,36.0,Other,New York,Toys,294,2020-02-25 13:00:00,,Cash,3.0,,,87,No,No,VIP,In-store,0
19454,John,48.0,Male,Chicago,Home Appliances,496,2020-02-25 14:00:00,257.9318312869611,PayPal,1.0,Bad,3572.496247048769,94,No,Yes,VIP,Online,1
14361,Eve,49.0,Other,San Francisco,Home Appliances,530,2020-02-25 15:00:00,205.3342542462282,PayPal,3.0,,1471.698875908554,53,No,Yes,Regular,Both,1
17069,Alice,19.0,Male,San Francisco,Books,405,2020-02-25 16:00:00,68.61891536287446,Credit Card,3.0,Average,456.8203233469591,5,No,No,New,Online,1
10920,Bob,69.0,Other,Los Angeles,Home Appliances,433,2020-02-25 17:00:00,214.1872452851426,Credit Card,3.0,,1919.34643266167,40,No,No,New,Online,0
18190,John,27.0,Male,San Francisco,Electronics,824,2020-02-25 18:00:00,45.65356435741729,PayPal,5.0,Excellent,501.2593849363637,11,No,No,New,Online,1
13430,Bob,19.0,Female,San Francisco,Home Appliances,509,2020-02-25 19:00:00,58.39683518538811,Credit Card,2.0,Average,814.3340106423045,41,No,No,Regular,Both,0
14435,John,19.0,Male,San Francisco,Books,102,2020-02-25 20:00:00,213.7991011370308,Credit Card,1.0,,2011.306556198282,36,Yes,No,New,In-store,0
13760,Eve,41.0,Other,San Francisco,Home Appliances,790,2020-02-25 21:00:00,159.6369261645472,PayPal,3.0,,2165.333446964265,4,No,No,New,In-store,1
12050,Eve,34.0,Male,San Francisco,Toys,651,2020-02-25 22:00:00,463.5167196724895,PayPal,1.0,,5900.153801956053,87,No,Yes,VIP,Both,1
11165,Charlie,49.0,Female,Chicago,Toys,551,2020-02-25 23:00:00,194.0958446363326,PayPal,3.0,,1408.065313516569,93,Yes,No,VIP,In-store,0
18567,Bob,33.0,Male,New York,Toys,775,2020-02-26 00:00:00,381.350479815329,Bank Transfer,2.0,Excellent,3887.193903765642,44,No,No,Regular,Online,0
12033,John,33.0,Other,Houston,Clothing,918,2020-02-26 01:00:00,269.8212879194589,Bank Transfer,1.0,Bad,3905.785803449799,24,No,No,New,Online,1
16467,Eve,63.0,Other,San Francisco,Toys,846,2020-02-26 02:00:00,355.0019776347444,PayPal,4.0,Excellent,3128.895990849425,82,Yes,No,VIP,Online,0
10145,Alice,56.0,Female,Houston,Toys,868,2020-02-26 03:00:00,137.4568316775456,Cash,2.0,,1131.205655560186,5,No,Yes,New,Online,1
14388,Eve,48.0,Other,Houston,Clothing,971,2020-02-26 04:00:00,471.5334366907812,PayPal,,Good,5844.449395684364,14,No,No,New,Both,1
17832,Alice,60.0,Male,Chicago,Toys,594,2020-02-26 05:00:00,269.7433634880678,Bank Transfer,3.0,,1714.542762658494,58,No,No,Regular,Online,0
18623,John,41.0,Male,San Francisco,Books,516,2020-02-26 06:00:00,417.3487949297723,Credit Card,3.0,,2359.18344128267,31,No,No,New,Both,0
18896,Eve,18.0,Male,Houston,Toys,490,2020-02-26 07:00:00,188.8723898032956,Cash,2.0,Good,2656.796151782978,99,No,No,VIP,Online,0
18173,Eve,28.0,Other,San Francisco,Toys,472,2020-02-26 08:00:00,59.10356103475702,Cash,2.0,Bad,696.2935821934535,31,No,No,New,Online,0
12632,John,38.0,Male,Los Angeles,Clothing,727,2020-02-26 09:00:00,340.1187073832159,Credit Card,3.0,Bad,3251.276679144856,16,No,No,New,In-store,1
14494,,21.0,Male,Los Angeles,Books,151,2020-02-26 10:00:00,13.802227685338,Cash,,,153.9070055408605,68,Yes,No,Regular,Both,0
18056,Alice,24.0,Male,Los Angeles,Home Appliances,475,2020-02-26 11:00:00,,Credit Card,4.0,,,57,No,Yes,Regular,Online,1
17511,Eve,43.0,Female,Houston,Electronics,494,2020-02-26 12:00:00,104.472932306565,Bank Transfer,5.0,Bad,574.6742231445372,59,No,No,Regular,Online,0
19155,Bob,64.0,Other,Los Angeles,Books,241,2020-02-26 13:00:00,317.4139971733275,Cash,2.0,Excellent,1788.224081583583,95,No,Yes,VIP,Online,1
11828,Charlie,67.0,Other,Chicago,Home Appliances,185,2020-02-26 14:00:00,489.9157378375476,Cash,3.0,Good,6187.87294369383,39,No,No,New,Both,0
19130,Alice,29.0,Other,Chicago,Books,563,2020-02-26 15:00:00,237.5574240971165,Credit Card,1.0,Excellent,1335.480569026259,2,No,No,New,Both,1
14805,Bob,48.0,Female,Houston,Home Appliances,145,2020-02-26 16:00:00,410.5741456975767,Credit Card,2.0,Bad,5923.062171735209,18,No,No,New,In-store,1
10806,John,34.0,Other,San Francisco,Home Appliances,943,2020-02-26 17:00:00,258.8142516060493,Bank Transfer,1.0,,3438.569585614032,25,Yes,No,New,In-store,1
19655,Alice,50.0,Female,New York,Books,337,2020-02-26 18:00:00,252.9616152409718,Credit Card,2.0,,2629.934982158948,52,No,No,Regular,Online,0
17486,Charlie,28.0,Female,San Francisco,Clothing,109,2020-02-26 19:00:00,,Credit Card,3.0,,,69,Yes,No,Regular,In-store,0
18202,Charlie,45.0,Other,San Francisco,Books,763,2020-02-26 20:00:00,446.083275685874,Bank Transfer,1.0,Good,4812.232653619908,66,No,Yes,Regular,Online,1
11868,John,49.0,Male,San Francisco,Books,672,2020-02-26 21:00:00,,PayPal,3.0,,,34,Yes,Yes,New,Both,1
17878,John,18.0,Male,San Francisco,Home Appliances,629,2020-02-26 22:00:00,155.1653191252242,PayPal,1.0,,1987.967468130443,34,No,No,New,In-store,0
15690,Alice,64.0,Other,New York,Electronics,697,2020-02-26 23:00:00,277.0541237047308,Credit Card,2.0,,2143.090808612339,48,No,No,Regular,Online,0
17827,Eve,45.0,Other,Los Angeles,Home Appliances,748,2020-02-27 00:00:00,119.7096443197857,Bank Transfer,5.0,Average,1514.064319243756,57,Yes,No,Regular,Online,0
15429,John,59.0,Female,San Francisco,Toys,841,2020-02-27 01:00:00,227.5191820428045,PayPal,5.0,,2509.10778648563,76,Yes,No,Regular,Online,0
19076,Eve,24.0,Other,Chicago,Books,739,2020-02-27 02:00:00,247.2644022222974,Bank Transfer,4.0,Good,2438.284522318401,72,No,No,Regular,Both,0
13564,Bob,19.0,Female,Houston,Books,715,2020-02-27 03:00:00,417.5036196829722,Credit Card,4.0,Bad,3543.623808208769,31,Yes,No,New,Online,0
11389,Charlie,59.0,Other,Houston,Clothing,797,2020-02-27 04:00:00,449.0538990092466,Credit Card,3.0,,3760.636952582327,91,No,Yes,VIP,In-store,1
17274,Eve,41.0,Male,Chicago,Home Appliances,277,2020-02-27 05:00:00,213.1638305742742,Bank Transfer,1.0,Bad,1949.539819500819,45,Yes,Yes,Regular,In-store,1
10824,Charlie,21.0,Male,San Francisco,Clothing,968,2020-02-27 06:00:00,18.67517808588623,Cash,4.0,Average,179.8084793890836,57,Yes,No,Regular,Online,0
12265,Eve,61.0,Other,New York,Books,105,2020-02-27 07:00:00,432.2691814967837,Credit Card,2.0,Bad,3507.036181529446,92,Yes,No,VIP,Online,0
10936,Bob,36.0,Female,Los Angeles,Home Appliances,952,2020-02-27 08:00:00,95.39655246566674,Credit Card,5.0,Bad,659.7735362096638,34,No,Yes,New,Online,1
16402,John,43.0,Male,Houston,Home Appliances,406,2020-02-27 09:00:00,314.7221623062928,Credit Card,1.0,,4179.56243229208,60,No,No,Regular,Online,0
13845,Bob,28.0,Female,Los Angeles,Toys,647,2020-02-27 10:00:00,22.23574121272429,Credit Card,5.0,Excellent,268.2936697999837,73,Yes,No,Regular,Online,0
11796,John,57.0,Other,New York,Toys,426,2020-02-27 11:00:00,,Bank Transfer,1.0,Bad,,13,No,No,New,In-store,1
18245,John,67.0,Other,Houston,Electronics,455,2020-02-27 12:00:00,493.1205480365214,Bank Transfer,4.0,,5602.045970449959,38,Yes,No,New,In-store,0
17214,Charlie,60.0,Male,Los Angeles,Toys,892,2020-02-27 13:00:00,59.33986454086352,Bank Transfer,4.0,Bad,474.5803531391295,32,Yes,No,New,Online,0
10726,Bob,28.0,Other,New York,Home Appliances,494,2020-02-27 14:00:00,217.6096444798247,Bank Transfer,3.0,Good,1271.617987038256,97,No,Yes,VIP,Online,1
12736,Eve,62.0,Male,Los Angeles,Toys,399,2020-02-27 15:00:00,,Cash,1.0,Bad,,2,Yes,No,New,Online,1
11913,Bob,20.0,Female,San Francisco,Electronics,625,2020-02-27 16:00:00,453.4931804602495,Bank Transfer,2.0,,5747.1537879295,78,Yes,No,Regular,Online,0
19788,Charlie,29.0,Male,New York,Books,848,2020-02-27 17:00:00,435.976652874604,Bank Transfer,4.0,Excellent,3080.40062021312,22,Yes,No,New,Online,1
17657,John,20.0,Male,Los Angeles,Toys,384,2020-02-27 18:00:00,126.4723925500521,Credit Card,,Excellent,748.8427340759921,86,Yes,No,VIP,Both,0
12466,Charlie,59.0,Female,San Francisco,Home Appliances,429,2020-02-27 19:00:00,,Cash,,Average,,71,Yes,No,Regular,Both,0
19041,Alice,44.0,Male,San Francisco,Books,149,2020-02-27 20:00:00,317.2978130899476,Credit Card,5.0,Average,2368.80805547929,22,No,No,New,Both,1
17312,Alice,66.0,Male,New York,Home Appliances,872,2020-02-27 21:00:00,174.8206688230178,Cash,4.0,,1194.429037816705,87,No,Yes,VIP,Online,1
18194,Eve,19.0,Other,Chicago,Books,721,2020-02-27 22:00:00,339.3213513969709,PayPal,1.0,Excellent,2052.072697260506,79,No,No,Regular,Online,0
17906,Charlie,66.0,Female,Houston,Home Appliances,808,2020-02-27 23:00:00,25.7386804732291,Cash,3.0,,191.133308193677,16,No,No,New,In-store,1
14876,Eve,33.0,Male,New York,Toys,477,2020-02-28 00:00:00,75.36562523696982,Cash,1.0,Average,668.6364440433789,90,Yes,No,VIP,In-store,0
17287,Eve,19.0,Female,San Francisco,Toys,863,2020-02-28 01:00:00,346.3223940585953,Credit Card,2.0,Average,3608.892243596345,67,Yes,No,Regular,In-store,0
10892,Alice,47.0,Female,San Francisco,Electronics,699,2020-02-28 02:00:00,114.0616210982239,Cash,2.0,,1042.532928659368,69,No,No,Regular,In-store,0
14675,Eve,37.0,Male,New York,Books,924,2020-02-28 03:00:00,430.2179611235768,Cash,4.0,Excellent,3391.269188351965,81,No,No,VIP,Online,0
11933,Alice,55.0,Other,Chicago,Electronics,637,2020-02-28 04:00:00,38.70953497796636,Credit Card,3.0,Excellent,449.6190643746908,22,No,No,New,Online,1
11380,,45.0,Female,Houston,Clothing,873,2020-02-28 05:00:00,115.5861715649316,PayPal,,,633.2236252182623,63,No,No,Regular,Online,0
11290,Charlie,42.0,Male,Los Angeles,Toys,243,2020-02-28 06:00:00,,PayPal,3.0,,,72,No,No,Regular,In-store,0
11640,Eve,49.0,Female,New York,Books,159,2020-02-28 07:00:00,222.2072902675284,PayPal,3.0,,1909.880492828557,83,Yes,No,VIP,Online,0
17490,Alice,27.0,Other,Houston,Electronics,967,2020-02-28 08:00:00,354.4531751368753,Cash,4.0,Average,3283.513521813154,74,No,No,Regular,Online,0
19179,Bob,59.0,Other,Houston,Electronics,879,2020-02-28 09:00:00,99.50489393993671,Credit Card,1.0,,606.269895719914,54,No,No,Regular,Online,0
11218,Eve,57.0,Other,San Francisco,Clothing,174,2020-02-28 10:00:00,308.8356801429135,PayPal,,Average,2884.81257225804,71,No,No,Regular,Online,0
15016,John,50.0,Male,Los Angeles,Electronics,102,2020-02-28 11:00:00,,PayPal,1.0,Good,,72,No,No,Regular,Online,0
16881,John,30.0,Male,New York,Home Appliances,674,2020-02-28 12:00:00,164.0935515745902,PayPal,5.0,,1216.579608251539,28,No,Yes,New,Both,1
19547,Bob,58.0,Other,San Francisco,Toys,847,2020-02-28 13:00:00,416.1595848681801,PayPal,,,2143.954175987732,64,No,No,Regular,Online,0
19752,Alice,59.0,Male,San Francisco,Electronics,547,2020-02-28 14:00:00,305.6746134514188,Credit Card,1.0,,2198.030816746455,64,No,Yes,Regular,In-store,1
19610,Eve,64.0,Other,Chicago,Electronics,840,2020-02-28 15:00:00,,PayPal,4.0,,,31,No,Yes,New,In-store,1
10954,Alice,54.0,Male,Houston,Clothing,374,2020-02-28 16:00:00,283.2447727381477,Cash,2.0,Excellent,1879.875404630235,44,Yes,No,Regular,In-store,0
19175,John,33.0,Other,New York,Home Appliances,629,2020-02-28 17:00:00,292.6128152436029,Cash,4.0,,2278.953735204163,5,No,No,New,Both,1
17291,,62.0,Female,New York,Electronics,691,2020-02-28 18:00:00,91.11229341999434,Credit Card,2.0,Good,1078.438454101966,42,Yes,Yes,Regular,In-store,1
10974,John,39.0,Other,New York,Toys,314,2020-02-28 19:00:00,207.3388612348134,Bank Transfer,4.0,Good,1904.095018997623,12,Yes,Yes,New,Online,1
14133,Alice,37.0,Other,San Francisco,Toys,782,2020-02-28 20:00:00,178.2809881295516,PayPal,3.0,,2322.391354341434,39,No,No,New,In-store,0
15370,Bob,67.0,Male,Chicago,Electronics,584,2020-02-28 21:00:00,206.4423340637718,PayPal,,Bad,2006.839933398374,8,No,Yes,New,Online,1
13972,Charlie,60.0,Male,Los Angeles,Home Appliances,428,2020-02-28 22:00:00,382.9441883577764,Cash,5.0,Good,3148.432918909933,59,Yes,No,Regular,In-store,0
15295,Bob,44.0,Male,San Francisco,Toys,354,2020-02-28 23:00:00,246.4438196586696,Credit Card,5.0,Average,2970.956015094971,57,Yes,No,Regular,Online,0
19105,Bob,58.0,Male,Los Angeles,Toys,486,2020-02-29 00:00:00,470.7549150872395,Bank Transfer,1.0,Good,3527.006061098838,96,No,No,VIP,Online,0
18228,Charlie,33.0,Male,Chicago,Home Appliances,225,2020-02-29 01:00:00,153.9014425456337,Cash,2.0,Excellent,1442.720044083148,61,No,No,Regular,In-store,0
19903,Charlie,51.0,Male,Houston,Home Appliances,866,2020-02-29 02:00:00,213.6947533596152,Bank Transfer,3.0,,1899.715034976371,4,No,No,New,Both,1
13020,Eve,49.0,Female,New York,Electronics,683,2020-02-29 03:00:00,395.6088371347303,Credit Card,4.0,Excellent,4364.49267510762,37,Yes,No,New,Online,0
18987,Eve,43.0,Other,Los Angeles,Books,649,2020-02-29 04:00:00,277.5520507271676,Credit Card,1.0,,1786.13339576611,37,No,Yes,New,Both,1
14036,Bob,42.0,Other,San Francisco,Clothing,423,2020-02-29 05:00:00,278.0437917479794,Credit Card,4.0,Average,2517.021323009522,95,No,No,VIP,In-store,0
15068,Bob,19.0,Other,Los Angeles,Books,303,2020-02-29 06:00:00,36.13667987253992,Cash,3.0,,282.3834523032957,47,No,No,Regular,Online,0
15233,John,29.0,Female,Houston,Books,271,2020-02-29 07:00:00,205.3138347320433,Credit Card,3.0,Good,2749.515242708224,45,No,No,Regular,In-store,0
19516,John,57.0,Other,New York,Toys,834,2020-02-29 08:00:00,142.6595288866489,Cash,3.0,Average,2074.310880552538,87,No,No,VIP,Online,0
10317,Eve,26.0,Female,Los Angeles,Home Appliances,316,2020-02-29 09:00:00,,Cash,,,,60,Yes,No,Regular,Online,0
12396,Eve,29.0,Female,Houston,Toys,344,2020-02-29 10:00:00,161.093984609832,PayPal,4.0,,1734.593541419931,69,Yes,Yes,Regular,Online,1
12162,John,43.0,Female,San Francisco,Clothing,435,2020-02-29 11:00:00,443.4033020489931,Cash,,,4257.622564577903,17,No,No,New,Online,1
12745,John,26.0,Other,Chicago,Electronics,802,2020-02-29 12:00:00,341.3545301698339,Cash,3.0,Bad,3216.030710518747,42,No,No,Regular,In-store,0
11591,Alice,27.0,Female,San Francisco,Clothing,397,2020-02-29 13:00:00,177.0490405041243,PayPal,5.0,Bad,2229.782508634569,51,Yes,Yes,Regular,In-store,1
16183,,49.0,Other,New York,Toys,931,2020-02-29 14:00:00,276.3318454033206,Bank Transfer,1.0,Bad,3968.773262104888,11,Yes,Yes,New,In-store,1
13930,John,51.0,Other,San Francisco,Toys,281,2020-02-29 15:00:00,421.8625811751049,PayPal,5.0,,5076.00116385983,12,No,No,New,Online,1
11312,Alice,,Male,San Francisco,Toys,433,2020-02-29 16:00:00,,PayPal,4.0,,,43,Yes,Yes,Regular,In-store,1
19477,Charlie,37.0,Male,San Francisco,Toys,610,2020-02-29 17:00:00,,Credit Card,3.0,Excellent,,92,Yes,No,VIP,Online,0
14311,Eve,56.0,Female,San Francisco,Books,482,2020-02-29 18:00:00,176.3908391920031,Credit Card,1.0,Good,1905.668055394217,34,Yes,No,New,In-store,0
17314,Eve,19.0,Female,New York,Electronics,816,2020-02-29 19:00:00,174.2593583046501,PayPal,3.0,Average,907.2310600344985,11,No,No,New,Online,1
12383,John,18.0,Other,Houston,Books,972,2020-02-29 20:00:00,30.6019500772129,Credit Card,3.0,Bad,246.6346489351462,27,No,No,New,Both,0
13239,Bob,68.0,Female,Los Angeles,Toys,298,2020-02-29 21:00:00,,PayPal,1.0,Average,,43,Yes,No,Regular,Both,0
12139,John,53.0,Female,Chicago,Home Appliances,431,2020-02-29 22:00:00,428.8618259661721,Credit Card,3.0,Good,3105.497260734765,77,Yes,No,Regular,Online,0
11704,Alice,41.0,Other,Los Angeles,Books,264,2020-02-29 23:00:00,196.9714500345037,Cash,3.0,Bad,1389.065673921654,71,No,No,Regular,Both,0
16924,Bob,44.0,Female,Los Angeles,Toys,341,2020-03-01 00:00:00,372.6176130422467,Credit Card,2.0,,2277.199232351406,52,Yes,Yes,Regular,Online,1
10362,,19.0,Female,Chicago,Toys,741,2020-03-01 01:00:00,317.5732026643626,Credit Card,,Bad,3329.293382845136,91,No,No,VIP,Online,0
12604,Charlie,48.0,Other,New York,Electronics,326,2020-03-01 02:00:00,194.0678803915704,Cash,1.0,Good,1437.983181536193,50,No,No,Regular,Online,0
19908,Alice,31.0,Other,Chicago,Clothing,733,2020-03-01 03:00:00,79.11930175122556,PayPal,1.0,,941.3421198451736,37,No,No,New,In-store,0
14286,Charlie,19.0,Male,New York,Books,655,2020-03-01 04:00:00,357.568687860224,Credit Card,3.0,Excellent,3134.266270386768,85,No,No,VIP,Both,0
13738,Charlie,,Other,Los Angeles,Books,550,2020-03-01 05:00:00,428.7369327812078,Credit Card,5.0,Excellent,3875.43029201369,16,No,No,New,Online,1
12469,Alice,32.0,Male,New York,Books,295,2020-03-01 06:00:00,346.068701276731,Cash,1.0,Bad,3658.578114330916,13,No,No,New,Online,1
14795,Alice,29.0,Female,Houston,Toys,969,2020-03-01 07:00:00,18.76045717706085,Cash,3.0,,148.2149609851554,97,No,No,VIP,Online,0
16150,Charlie,54.0,Other,Chicago,Electronics,303,2020-03-01 08:00:00,115.9541182515857,Cash,5.0,,872.8993437889161,63,No,No,Regular,Online,0
10556,Bob,45.0,Other,Houston,Toys,557,2020-03-01 09:00:00,44.04519259293063,Bank Transfer,,,491.1877276373579,47,No,No,Regular,In-store,0
19017,Charlie,,Other,Los Angeles,Toys,929,2020-03-01 10:00:00,,Cash,1.0,,,9,No,No,New,Both,1
12808,Eve,56.0,Female,Chicago,Home Appliances,356,2020-03-01 11:00:00,,PayPal,3.0,,,72,No,No,Regular,In-store,0
15150,Charlie,41.0,Male,Los Angeles,Electronics,628,2020-03-01 12:00:00,64.18380166364312,Credit Card,2.0,Average,894.0546572035493,53,No,Yes,Regular,In-store,1
17561,Bob,38.0,Female,Houston,Books,371,2020-03-01 13:00:00,420.7855320907587,Credit Card,4.0,,4345.889688884569,64,No,No,Regular,Online,0
12719,Eve,27.0,Female,Los Angeles,Clothing,108,2020-03-01 14:00:00,282.1993994137868,Bank Transfer,2.0,Excellent,3246.122975717116,2,No,No,New,Online,1
16506,John,63.0,Other,Chicago,Books,860,2020-03-01 15:00:00,348.0848159494452,Credit Card,3.0,,1918.867001212998,66,Yes,Yes,Regular,Online,1
13741,John,31.0,Male,Chicago,Toys,300,2020-03-01 16:00:00,485.9869058182367,Credit Card,5.0,Excellent,5607.227300438766,52,No,No,Regular,Both,0
19766,Bob,54.0,Female,Los Angeles,Electronics,158,2020-03-01 17:00:00,51.00368424137169,PayPal,4.0,Excellent,425.6695042384261,49,Yes,No,Regular,Online,0
13998,Charlie,35.0,Other,Chicago,Electronics,986,2020-03-01 18:00:00,,Credit Card,4.0,Good,,84,Yes,No,VIP,Online,0
12403,,41.0,Female,Chicago,Electronics,492,2020-03-01 19:00:00,71.79032103383057,PayPal,4.0,,688.0197762584684,93,No,No,VIP,Online,0
18780,,31.0,Female,Los Angeles,Home Appliances,751,2020-03-01 20:00:00,202.5498152519743,Bank Transfer,,,2058.292022849679,55,No,No,Regular,Online,0
19739,Eve,51.0,Other,Houston,Books,218,2020-03-01 21:00:00,427.204961202246,PayPal,3.0,Excellent,5041.020840557042,12,No,No,New,In-store,1
10294,Eve,29.0,Other,Chicago,Home Appliances,652,2020-03-01 22:00:00,,Cash,4.0,Excellent,,4,No,No,New,Both,1
15343,John,39.0,Male,Chicago,Clothing,498,2020-03-01 23:00:00,258.1221200371212,Cash,2.0,Average,1558.936938814545,94,No,No,VIP,Online,0
19882,Eve,23.0,Female,Chicago,Toys,933,2020-03-02 00:00:00,301.1112727549583,Bank Transfer,5.0,,2074.995522945082,50,Yes,No,Regular,Both,0
11136,,,Other,Chicago,Home Appliances,430,2020-03-02 01:00:00,356.992193953293,Credit Card,3.0,,2317.851587136098,86,Yes,No,VIP,In-store,0
12064,Eve,62.0,Other,Los Angeles,Home Appliances,366,2020-03-02 02:00:00,418.05174754183,PayPal,2.0,,3478.129038410706,23,No,Yes,New,In-store,1
17009,Bob,53.0,Male,Houston,Toys,619,2020-03-02 03:00:00,69.54047307345641,Cash,1.0,Excellent,919.1188169301784,88,No,No,VIP,Online,0
14543,Alice,39.0,Male,Houston,Electronics,794,2020-03-02 04:00:00,406.9339610323215,PayPal,4.0,Good,5460.834442833068,86,Yes,Yes,VIP,Online,1
11007,John,31.0,Other,New York,Toys,579,2020-03-02 05:00:00,245.8253137506922,Cash,2.0,,2881.203204968257,100,Yes,No,VIP,Online,0
15445,Eve,33.0,Male,Chicago,Books,233,2020-03-02 06:00:00,230.8054783030028,PayPal,3.0,,3359.934355687082,15,No,Yes,New,In-store,1
15352,Bob,53.0,Other,Chicago,Toys,792,2020-03-02 07:00:00,217.7108784785291,Credit Card,2.0,,1336.127629763693,44,No,No,Regular,Online,0
19439,Charlie,42.0,Female,New York,Electronics,454,2020-03-02 08:00:00,259.5136767705609,Bank Transfer,1.0,Average,3453.8931887482,95,No,No,VIP,Online,0
11435,John,49.0,Male,Houston,Toys,683,2020-03-02 09:00:00,473.0747711633557,Credit Card,5.0,,2864.372083431846,43,No,No,Regular,Online,0
10571,Alice,50.0,Female,San Francisco,Home Appliances,597,2020-03-02 10:00:00,278.6198486681543,PayPal,4.0,Good,3306.677408794237,87,No,No,VIP,In-store,0
12382,Bob,62.0,Female,San Francisco,Clothing,724,2020-03-02 11:00:00,477.0569937489382,Cash,3.0,,3377.651295340702,63,No,Yes,Regular,In-store,1
19437,Alice,53.0,Female,Houston,Home Appliances,206,2020-03-02 12:00:00,98.34216400166389,Cash,4.0,Good,1034.467101163935,16,No,No,New,Online,1
15084,Alice,37.0,Other,Chicago,Clothing,389,2020-03-02 13:00:00,364.8266296279903,Bank Transfer,4.0,Bad,3312.57713761816,12,Yes,No,New,Online,1
10277,Eve,35.0,Female,San Francisco,Toys,924,2020-03-02 14:00:00,407.9973739182861,Credit Card,,,4042.812242250907,34,Yes,No,New,Both,0
17059,,55.0,Female,Los Angeles,Books,728,2020-03-02 15:00:00,342.7731273540823,Credit Card,2.0,,1897.833075416932,91,No,No,VIP,Online,0
11887,Bob,20.0,Female,Los Angeles,Toys,731,2020-03-02 16:00:00,307.3919173110048,Credit Card,2.0,Good,2483.631803583743,50,Yes,No,Regular,Online,0
11265,Charlie,40.0,Other,New York,Electronics,246,2020-03-02 17:00:00,286.7582627322293,Cash,5.0,Excellent,4157.925824940651,58,No,Yes,Regular,Online,1
17491,Bob,,Female,Houston,Toys,426,2020-03-02 18:00:00,431.855936463561,Bank Transfer,1.0,Excellent,3898.815993291822,93,No,No,VIP,Both,0
11040,Charlie,62.0,Female,Houston,Clothing,514,2020-03-02 19:00:00,412.606832610605,Cash,3.0,,3609.634219636657,39,No,No,New,In-store,0
19109,Alice,33.0,Male,San Francisco,Home Appliances,309,2020-03-02 20:00:00,69.92147337849377,Credit Card,,Good,831.7677164322931,72,No,No,Regular,In-store,0
18073,John,22.0,Other,Chicago,Books,395,2020-03-02 21:00:00,425.8079519451303,PayPal,4.0,,2198.861084070591,10,No,No,New,Both,1
19077,Bob,21.0,Female,Houston,Toys,497,2020-03-02 22:00:00,212.8936235258168,Cash,1.0,Bad,2337.163152602791,99,No,No,VIP,In-store,0
12752,Bob,38.0,Male,San Francisco,Toys,202,2020-03-02 23:00:00,134.3114466979473,Bank Transfer,3.0,,1094.064884603867,52,No,No,Regular,Online,0
18213,Charlie,57.0,Other,San Francisco,Home Appliances,735,2020-03-03 00:00:00,436.1865983268237,Credit Card,3.0,Good,2947.292464871879,89,No,No,VIP,In-store,0
14569,Alice,68.0,Other,Houston,Books,856,2020-03-03 01:00:00,,PayPal,3.0,Bad,,62,No,No,Regular,Online,0
16353,Alice,,Other,San Francisco,Toys,607,2020-03-03 02:00:00,406.0986981866401,Cash,3.0,Bad,2299.139981783359,80,No,No,Regular,In-store,0
12353,Charlie,56.0,Other,New York,Toys,990,2020-03-03 03:00:00,139.0677698583638,PayPal,5.0,,1105.985326461661,92,Yes,Yes,VIP,Online,1
17437,Alice,48.0,Other,New York,Clothing,967,2020-03-03 04:00:00,11.92536749688672,PayPal,3.0,,84.86754612620402,36,No,No,New,Both,0
14799,Eve,31.0,Other,Houston,Clothing,308,2020-03-03 05:00:00,252.7750045224427,Bank Transfer,1.0,Bad,2751.758442237564,3,No,No,New,In-store,1
10686,John,23.0,Female,Chicago,Electronics,527,2020-03-03 06:00:00,59.11184575501329,Cash,2.0,,813.424103513086,9,No,No,New,Online,1
18476,Bob,29.0,Female,New York,Home Appliances,492,2020-03-03 07:00:00,379.6442182072057,Bank Transfer,1.0,,2753.609678597234,25,No,No,New,In-store,1
14811,John,33.0,Female,New York,Books,925,2020-03-03 08:00:00,,Credit Card,4.0,,,35,No,No,New,Online,0
18954,Bob,34.0,Female,Houston,Toys,208,2020-03-03 09:00:00,227.3863668357046,PayPal,5.0,,2410.540019655081,16,No,No,New,In-store,1
15346,Eve,62.0,Male,Los Angeles,Toys,988,2020-03-03 10:00:00,52.64644689486158,Bank Transfer,5.0,Excellent,576.9225030926162,44,Yes,No,Regular,Online,0
15043,Alice,40.0,Female,San Francisco,Electronics,447,2020-03-03 11:00:00,150.4630317391538,Bank Transfer,4.0,Bad,2171.804533481686,8,No,No,New,Both,1
12428,Charlie,31.0,Other,New York,Toys,149,2020-03-03 12:00:00,,Credit Card,1.0,,,67,No,Yes,Regular,In-store,1
15126,Eve,24.0,Female,Los Angeles,Home Appliances,204,2020-03-03 13:00:00,84.27807683213653,Cash,1.0,Excellent,1092.48516000008,58,No,Yes,Regular,Online,1
18220,John,63.0,Female,Chicago,Electronics,519,2020-03-03 14:00:00,327.1081849522091,Bank Transfer,4.0,,3354.162175680196,34,No,No,New,In-store,0
19098,Charlie,49.0,Other,Los Angeles,Home Appliances,472,2020-03-03 15:00:00,459.5386678742056,PayPal,3.0,Average,6804.997438485233,64,No,No,Regular,Online,0
17813,Alice,32.0,Female,Houston,Electronics,126,2020-03-03 16:00:00,343.1200122812829,PayPal,3.0,,2831.71433021945,7,Yes,No,New,Both,1
19645,Eve,61.0,Female,Chicago,Toys,899,2020-03-03 17:00:00,407.4006277531911,PayPal,2.0,,2271.184788980872,64,No,No,Regular,In-store,0
13356,Charlie,34.0,Female,Chicago,Electronics,868,2020-03-03 18:00:00,63.39609835891874,PayPal,1.0,,359.6526457238402,9,No,No,New,Online,1
18707,Eve,58.0,Male,Los Angeles,Clothing,372,2020-03-03 19:00:00,132.8585947410067,Bank Transfer,1.0,Excellent,1883.03416114308,83,No,Yes,VIP,Both,1
17266,,64.0,Female,Houston,Books,748,2020-03-03 20:00:00,448.3240375978896,PayPal,4.0,Excellent,6492.929598609981,90,No,No,VIP,Online,0
16540,Alice,61.0,Other,New York,Toys,439,2020-03-03 21:00:00,360.4017506728637,Bank Transfer,4.0,,5231.926838367093,80,Yes,No,Regular,Online,0
10038,Bob,51.0,Other,Los Angeles,Books,400,2020-03-03 22:00:00,323.3813749248825,Cash,3.0,Good,3824.319236182622,22,No,No,New,Online,1
13342,Charlie,22.0,Female,New York,Toys,579,2020-03-03 23:00:00,335.245700699633,PayPal,,Average,2939.715598369949,79,No,No,Regular,Online,0
19078,Alice,62.0,Female,Los Angeles,Books,933,2020-03-04 00:00:00,212.9582716092753,Cash,1.0,,1840.285955533164,15,No,Yes,New,Online,1
12844,Eve,44.0,Female,New York,Clothing,643,2020-03-04 01:00:00,31.83274949265008,Bank Transfer,5.0,Average,245.4491491593146,77,No,Yes,Regular,Online,1
11098,,69.0,Other,Los Angeles,Books,656,2020-03-04 02:00:00,394.3763556146572,Credit Card,2.0,Excellent,4797.995536251603,4,No,No,New,In-store,1
17027,Bob,40.0,Other,Chicago,Electronics,364,2020-03-04 03:00:00,342.5694857455234,Cash,2.0,,5126.777152443778,38,No,No,New,Both,0
11823,Charlie,57.0,Male,San Francisco,Books,641,2020-03-04 04:00:00,,PayPal,3.0,Bad,,65,No,No,Regular,Online,0
13155,Bob,31.0,Male,Chicago,Toys,695,2020-03-04 05:00:00,450.8822115304462,Credit Card,1.0,Bad,4753.591222287563,98,Yes,No,VIP,Online,0
13093,John,,Male,New York,Home Appliances,265,2020-03-04 06:00:00,174.7182358426984,Cash,5.0,Good,1437.199638101901,40,No,No,New,In-store,0
15658,Charlie,60.0,Other,Houston,Books,415,2020-03-04 07:00:00,154.2176546733056,Bank Transfer,1.0,Good,1390.706025939954,44,Yes,Yes,Regular,Both,1
13778,Bob,50.0,Male,Chicago,Books,100,2020-03-04 08:00:00,437.670199288927,Bank Transfer,4.0,,5395.391020967795,30,No,No,New,Online,0
12896,Eve,48.0,Female,San Francisco,Books,860,2020-03-04 09:00:00,400.5239508319029,Bank Transfer,3.0,,5449.895054665079,38,Yes,No,New,In-store,0
10988,Charlie,52.0,Female,New York,Toys,360,2020-03-04 10:00:00,262.3401072176889,Cash,2.0,,1815.178917750576,69,Yes,No,Regular,Both,0
14116,Charlie,34.0,Other,Chicago,Books,162,2020-03-04 11:00:00,74.06002233434648,Bank Transfer,1.0,Excellent,1012.500720087278,82,Yes,No,VIP,Online,0
16446,Alice,45.0,Male,Los Angeles,Toys,582,2020-03-04 12:00:00,115.3850210178757,Cash,3.0,,704.0393992401766,90,No,Yes,VIP,In-store,1
14179,Eve,36.0,Female,Houston,Toys,775,2020-03-04 13:00:00,331.5517153003153,PayPal,2.0,Good,4470.980582122993,98,No,No,VIP,Both,0
11682,John,63.0,Other,New York,Home Appliances,420,2020-03-04 14:00:00,198.6702065418017,PayPal,1.0,,2636.551244437491,97,No,No,VIP,Online,0
15626,Bob,40.0,Male,Chicago,Electronics,945,2020-03-04 15:00:00,419.8718639163259,Cash,5.0,,6212.319085610019,83,No,No,VIP,Online,0
17424,Alice,49.0,Female,New York,Toys,300,2020-03-04 16:00:00,475.47795457278,Cash,3.0,Bad,6393.473492182902,14,No,No,New,Both,1
10933,Bob,57.0,Male,Los Angeles,Clothing,321,2020-03-04 17:00:00,404.7620933847099,Credit Card,1.0,,2275.337724070295,99,No,No,VIP,Online,0
13598,John,30.0,Other,San Francisco,Books,251,2020-03-04 18:00:00,,Bank Transfer,,,,13,Yes,Yes,New,Online,1
11980,John,37.0,Male,Chicago,Clothing,743,2020-03-04 19:00:00,396.4563503233978,PayPal,2.0,,2792.385359512942,2,No,No,New,Online,1
13056,Charlie,52.0,Other,New York,Books,725,2020-03-04 20:00:00,182.2064200006349,PayPal,5.0,Average,1200.299786630033,87,No,No,VIP,Online,0
18984,John,22.0,Male,New York,Home Appliances,561,2020-03-04 21:00:00,,Credit Card,3.0,Bad,,38,No,No,New,Online,0
10791,Bob,26.0,Female,New York,Toys,316,2020-03-04 22:00:00,26.36267038427012,Cash,,Average,137.1646801214362,37,Yes,No,New,In-store,0
15390,Eve,46.0,Other,San Francisco,Electronics,295,2020-03-04 23:00:00,199.0011892528998,Cash,1.0,Excellent,2202.633242336157,63,No,Yes,Regular,Online,1
16635,Eve,23.0,Other,New York,Toys,892,2020-03-05 00:00:00,452.7440588116681,Credit Card,2.0,Excellent,2576.373816924057,90,Yes,Yes,VIP,Online,1
12255,Charlie,42.0,Other,Houston,Books,301,2020-03-05 01:00:00,127.1034280002815,Bank Transfer,,Average,1011.591594791365,100,No,Yes,VIP,Online,1
13610,Bob,48.0,Male,Houston,Electronics,746,2020-03-05 02:00:00,111.1914508155942,Cash,5.0,Good,1161.984094062646,2,Yes,No,New,Online,1
11607,Bob,39.0,Male,New York,Toys,333,2020-03-05 03:00:00,485.2121847681098,Cash,5.0,Good,2575.034829442369,4,No,No,New,Online,1
15179,John,19.0,Female,Houston,Electronics,240,2020-03-05 04:00:00,22.25201529679014,Bank Transfer,3.0,Good,299.88153334759,48,Yes,No,Regular,Online,0
16573,Bob,62.0,Other,Chicago,Books,807,2020-03-05 05:00:00,395.0332536929396,Bank Transfer,2.0,Bad,1995.482879574862,94,No,No,VIP,Online,0
10984,Alice,22.0,Other,Houston,Home Appliances,597,2020-03-05 06:00:00,,Credit Card,1.0,Excellent,,62,No,No,Regular,Online,0
15776,John,44.0,Male,New York,Home Appliances,654,2020-03-05 07:00:00,28.36909886613307,Credit Card,4.0,,420.9562300226179,68,No,Yes,Regular,Online,1
13676,Alice,,Male,Los Angeles,Toys,156,2020-03-05 08:00:00,459.723244702696,Credit Card,1.0,,5350.75217993833,7,Yes,Yes,New,Online,1
13380,Charlie,25.0,Female,Chicago,Clothing,603,2020-03-05 09:00:00,78.42474180269596,Cash,5.0,,899.0314493064626,38,No,No,New,Online,0
18711,Eve,18.0,Female,San Francisco,Books,241,2020-03-05 10:00:00,280.3718490255907,Credit Card,1.0,Excellent,2933.527123634955,16,Yes,No,New,In-store,1
18782,Charlie,37.0,Male,New York,Toys,821,2020-03-05 11:00:00,144.2865616404784,Cash,2.0,,1764.434186704201,27,Yes,No,New,Both,0
11050,Eve,61.0,Other,San Francisco,Toys,683,2020-03-05 12:00:00,41.9444730704986,PayPal,3.0,,225.6620341622261,65,No,No,Regular,Both,0
13633,Charlie,40.0,Female,Los Angeles,Home Appliances,835,2020-03-05 13:00:00,,Bank Transfer,4.0,Bad,,9,No,No,New,Both,1
16342,Bob,49.0,Male,San Francisco,Electronics,638,2020-03-05 14:00:00,66.62278242980601,Bank Transfer,3.0,,757.0946291880553,96,No,Yes,VIP,In-store,1
10959,Alice,28.0,Male,New York,Books,739,2020-03-05 15:00:00,44.96983680579623,PayPal,4.0,,318.2566818006311,34,No,Yes,New,Online,1
16059,Eve,56.0,Other,New York,Electronics,205,2020-03-05 16:00:00,382.6734766047622,Credit Card,4.0,,3712.771351587826,75,No,No,Regular,Online,0
18884,John,64.0,Male,Los Angeles,Books,264,2020-03-05 17:00:00,247.9274391188803,Cash,2.0,,3234.984609561057,94,No,No,VIP,Online,0
15655,Alice,41.0,Male,New York,Clothing,314,2020-03-05 18:00:00,178.017124761,Cash,2.0,Good,929.6618411460515,36,Yes,No,New,Online,0
14473,John,28.0,Female,Los Angeles,Home Appliances,170,2020-03-05 19:00:00,215.0007659646835,Cash,5.0,Bad,1126.760983685796,93,Yes,No,VIP,Online,0
12946,Alice,46.0,Male,Los Angeles,Clothing,815,2020-03-05 20:00:00,465.1839004305854,Bank Transfer,5.0,,5231.480197009185,80,No,No,Regular,Online,0
17725,Alice,43.0,Male,New York,Toys,764,2020-03-05 21:00:00,456.2683882416922,Credit Card,4.0,Bad,4171.851996881283,78,No,Yes,Regular,In-store,1
10526,Charlie,33.0,Female,Houston,Home Appliances,678,2020-03-05 22:00:00,360.6814752600627,Cash,5.0,,2269.86610199536,82,No,No,VIP,Online,0
13224,Eve,52.0,Other,Los Angeles,Toys,189,2020-03-05 23:00:00,443.494364936627,Cash,2.0,,4789.191119771154,60,Yes,Yes,Regular,Both,1
11875,Eve,,Other,New York,Clothing,871,2020-03-06 00:00:00,166.6275335179361,Cash,5.0,Good,1885.226149423077,71,No,Yes,Regular,Both,1
11763,,63.0,Female,Houston,Books,973,2020-03-06 01:00:00,,PayPal,4.0,Excellent,,73,No,No,Regular,In-store,0
18712,Bob,20.0,Female,Los Angeles,Toys,327,2020-03-06 02:00:00,310.7189691085717,Cash,3.0,,3392.928799093695,98,No,No,VIP,Both,0
15797,Bob,18.0,Other,Houston,Electronics,178,2020-03-06 03:00:00,315.5767141756594,PayPal,1.0,Good,4473.477349524754,4,No,No,New,Online,1
19208,John,64.0,Other,Chicago,Books,707,2020-03-06 04:00:00,246.0329206260471,Cash,5.0,,1914.316370101488,62,No,No,Regular,In-store,0
17099,John,18.0,Other,Chicago,Books,448,2020-03-06 05:00:00,206.3223457345971,Cash,2.0,,2122.33658919382,73,No,No,Regular,Online,0
15109,,34.0,Other,Houston,Clothing,941,2020-03-06 06:00:00,493.2283526882606,Cash,3.0,Excellent,3447.074169948873,39,Yes,No,New,Online,0
16644,Alice,19.0,Other,Los Angeles,Clothing,993,2020-03-06 07:00:00,412.3505767976849,PayPal,2.0,,3489.736084185538,12,No,Yes,New,Both,1
10116,John,46.0,Female,New York,Home Appliances,345,2020-03-06 08:00:00,223.1402969651421,Cash,5.0,,1158.555848231314,9,Yes,No,New,In-store,1
12433,John,37.0,Male,San Francisco,Home Appliances,371,2020-03-06 09:00:00,366.3733138473885,Credit Card,4.0,Bad,4360.570395109269,81,No,Yes,VIP,Online,1
15463,Alice,23.0,Other,New York,Electronics,502,2020-03-06 10:00:00,142.0852296937051,Cash,,,978.2246753775844,22,No,No,New,Both,1
10583,Charlie,25.0,Other,San Francisco,Books,768,2020-03-06 11:00:00,59.08296985629164,PayPal,1.0,,363.7082909802947,11,No,Yes,New,Online,1
18586,John,46.0,Male,San Francisco,Electronics,215,2020-03-06 12:00:00,182.6912025208429,PayPal,3.0,,1778.849252495476,20,No,Yes,New,Both,1
13788,Charlie,,Male,Los Angeles,Electronics,534,2020-03-06 13:00:00,207.4566720604631,Credit Card,1.0,,3047.873943416716,47,No,No,Regular,Both,0
14167,Eve,68.0,Male,Houston,Clothing,629,2020-03-06 14:00:00,18.1031910347287,Bank Transfer,4.0,Average,147.5316454605508,52,No,No,Regular,Online,0
18465,Charlie,50.0,Male,New York,Electronics,541,2020-03-06 15:00:00,,Credit Card,2.0,Good,,31,Yes,Yes,New,Both,1
11389,Bob,20.0,Male,Houston,Electronics,271,2020-03-06 16:00:00,186.004767170699,Credit Card,4.0,Bad,1916.285101895454,36,No,No,New,In-store,0
18357,Bob,,Male,Chicago,Toys,115,2020-03-06 17:00:00,294.404901232272,PayPal,3.0,,3742.994536158653,87,Yes,No,VIP,Online,0
19759,Charlie,22.0,Female,Los Angeles,Home Appliances,851,2020-03-06 18:00:00,46.24196176276843,Cash,3.0,Excellent,264.9219460209605,14,No,No,New,Online,1
16154,Bob,,Male,Los Angeles,Home Appliances,997,2020-03-06 19:00:00,95.74844608778615,Cash,1.0,,768.6063298851022,9,No,No,New,Both,1
15420,Eve,61.0,Male,Chicago,Books,155,2020-03-06 20:00:00,445.9499254105044,Bank Transfer,4.0,Good,2313.19545819863,21,No,No,New,Online,1
18920,Alice,29.0,Female,New York,Home Appliances,690,2020-03-06 21:00:00,308.2568886625724,Bank Transfer,2.0,Excellent,2551.246336189899,30,Yes,No,New,In-store,0
12043,Bob,37.0,Male,Chicago,Books,202,2020-03-06 22:00:00,475.6391845835379,Bank Transfer,4.0,Excellent,6871.396431214592,52,No,Yes,Regular,In-store,1
14197,Bob,62.0,Other,New York,Toys,383,2020-03-06 23:00:00,499.3875168517453,Bank Transfer,2.0,Bad,3348.455666161385,21,Yes,Yes,New,In-store,1
13496,Charlie,37.0,Other,San Francisco,Home Appliances,804,2020-03-07 00:00:00,192.2114565132162,Credit Card,,,2192.540868224901,47,Yes,No,Regular,Online,0
10778,Eve,26.0,Male,Los Angeles,Toys,616,2020-03-07 01:00:00,156.4135014008046,Credit Card,4.0,,1878.711856623341,2,No,No,New,In-store,1
10213,Alice,56.0,Female,New York,Home Appliances,717,2020-03-07 02:00:00,430.5944670279574,Cash,5.0,Excellent,6114.060640628806,76,No,Yes,Regular,Both,1
13762,Charlie,21.0,Other,Houston,Home Appliances,377,2020-03-07 03:00:00,499.3195992483526,Credit Card,4.0,,2917.901975624426,93,Yes,No,VIP,Online,0
19768,Charlie,68.0,Female,Houston,Toys,984,2020-03-07 04:00:00,318.5242047739041,Cash,,Excellent,4745.191344611998,70,Yes,No,Regular,Online,0
16731,Eve,36.0,Other,Los Angeles,Electronics,711,2020-03-07 05:00:00,,Cash,3.0,,,34,No,No,New,Online,0
13117,Alice,55.0,Male,Chicago,Electronics,849,2020-03-07 06:00:00,393.0554708194845,Cash,3.0,,3653.30256376497,58,No,No,Regular,In-store,0
15791,Eve,44.0,Female,Chicago,Electronics,368,2020-03-07 07:00:00,184.116457027578,Cash,1.0,Excellent,1337.561303252799,39,No,No,New,Online,0
18783,Alice,62.0,Female,New York,Electronics,932,2020-03-07 08:00:00,291.3924863259728,PayPal,3.0,,1820.88511924693,82,No,No,VIP,Both,0
12720,Eve,60.0,Female,Chicago,Home Appliances,499,2020-03-07 09:00:00,418.1979012194647,Cash,5.0,Excellent,5006.548462767852,71,No,No,Regular,Online,0
18905,Charlie,30.0,Other,Los Angeles,Clothing,602,2020-03-07 10:00:00,347.1757993679172,Credit Card,2.0,Average,3980.846693946424,79,No,No,Regular,In-store,0
19127,Charlie,30.0,Other,New York,Toys,185,2020-03-07 11:00:00,20.37026885119875,Credit Card,4.0,,189.3430788935395,12,No,No,New,Both,1
16047,John,39.0,Other,San Francisco,Clothing,419,2020-03-07 12:00:00,174.9857777597914,Credit Card,4.0,Excellent,920.8045308702918,32,No,No,New,Both,0
18032,Bob,45.0,Male,Chicago,Clothing,131,2020-03-07 13:00:00,80.79309133135662,Credit Card,5.0,,1048.615498207373,47,Yes,No,Regular,Online,0
10001,Eve,69.0,Other,Chicago,Books,435,2020-03-07 14:00:00,124.1563839182392,PayPal,3.0,,810.2750879925537,38,No,Yes,New,In-store,1
16368,,64.0,Male,New York,Electronics,150,2020-03-07 15:00:00,453.6898439707496,Bank Transfer,2.0,Good,4996.877311851794,76,No,Yes,Regular,In-store,1
11949,Bob,62.0,Female,Houston,Home Appliances,178,2020-03-07 16:00:00,28.0777115662764,Bank Transfer,3.0,Good,415.7719233571193,34,No,Yes,New,Online,1
16732,Eve,,Female,Chicago,Electronics,797,2020-03-07 17:00:00,117.7023488613426,Cash,1.0,Average,671.3583045838039,45,No,Yes,Regular,In-store,1
17833,Alice,60.0,Male,Los Angeles,Electronics,273,2020-03-07 18:00:00,161.6889825967334,Cash,3.0,,835.8432928168438,16,No,No,New,Online,1
10917,Bob,36.0,Other,Chicago,Clothing,717,2020-03-07 19:00:00,,Credit Card,,,,80,Yes,Yes,Regular,Online,1
13174,Charlie,25.0,Male,San Francisco,Books,600,2020-03-07 20:00:00,271.7098281420741,Credit Card,4.0,,2381.933941428748,45,No,No,Regular,Online,0
17014,John,69.0,Female,Chicago,Electronics,674,2020-03-07 21:00:00,116.9520465981592,Bank Transfer,2.0,Excellent,1129.993620961236,69,No,No,Regular,Online,0
10089,Bob,25.0,Female,Houston,Toys,175,2020-03-07 22:00:00,90.47812293934568,Bank Transfer,1.0,Average,1133.311206637042,90,No,No,VIP,Online,0
11709,,59.0,Male,Chicago,Toys,415,2020-03-07 23:00:00,126.0310369520982,Credit Card,3.0,,1819.372136956806,80,Yes,No,Regular,Both,0
13041,Charlie,43.0,Other,New York,Electronics,932,2020-03-08 00:00:00,256.2395170838112,Cash,3.0,,1869.409176741044,64,Yes,No,Regular,Online,0
10105,Eve,65.0,Other,Chicago,Clothing,472,2020-03-08 01:00:00,142.8771149984897,PayPal,4.0,,1213.981655729573,61,No,No,Regular,Both,0
19078,Alice,68.0,Male,Houston,Clothing,180,2020-03-08 02:00:00,474.3252257877839,PayPal,5.0,,5182.027702520902,82,No,No,VIP,Online,0
18619,Charlie,43.0,Male,New York,Home Appliances,972,2020-03-08 03:00:00,237.2939585001353,Bank Transfer,5.0,Good,2453.557973572617,42,No,No,Regular,Online,0
11895,Alice,40.0,Other,Los Angeles,Books,739,2020-03-08 04:00:00,38.81004810687216,Bank Transfer,3.0,Excellent,567.2022081377079,2,Yes,Yes,New,Online,1
16090,Eve,60.0,Female,New York,Clothing,794,2020-03-08 05:00:00,367.3405388599504,Bank Transfer,5.0,Excellent,2113.787653435119,69,No,No,Regular,Both,0
18508,,30.0,Male,San Francisco,Home Appliances,854,2020-03-08 06:00:00,171.1341912224049,PayPal,2.0,Good,1847.295119314878,66,No,Yes,Regular,In-store,1
16082,Alice,45.0,Other,New York,Toys,796,2020-03-08 07:00:00,330.2095767085413,PayPal,5.0,,1823.246339490145,95,No,No,VIP,In-store,0
10634,John,26.0,Other,Los Angeles,Toys,831,2020-03-08 08:00:00,,Credit Card,2.0,Good,,14,No,No,New,Online,1
11925,John,37.0,Female,Chicago,Toys,170,2020-03-08 09:00:00,289.6644334493267,Cash,3.0,Bad,1716.835559347303,94,No,No,VIP,Both,0
12056,,36.0,Female,New York,Electronics,953,2020-03-08 10:00:00,388.3547273556577,Bank Transfer,3.0,,5405.60655278095,3,Yes,No,New,Both,1
16917,Eve,65.0,Female,New York,Books,765,2020-03-08 11:00:00,464.7242834695314,Credit Card,3.0,Average,5688.809131302175,42,No,No,Regular,Online,0
13144,Charlie,56.0,Female,New York,Home Appliances,856,2020-03-08 12:00:00,137.9523007722078,PayPal,4.0,,1392.445136989269,92,Yes,No,VIP,Online,0
19631,Charlie,68.0,Female,New York,Books,751,2020-03-08 13:00:00,174.0799059895008,Credit Card,5.0,Good,2451.316125916785,40,No,No,New,Online,0
10552,Charlie,29.0,Male,Los Angeles,Electronics,170,2020-03-08 14:00:00,237.4905459401105,PayPal,1.0,,2010.368906547651,80,No,No,Regular,Online,0
18907,John,32.0,Other,Houston,Home Appliances,145,2020-03-08 15:00:00,464.3156704906345,Cash,,,2471.914905447184,43,Yes,No,Regular,Online,0
15383,John,48.0,Male,Houston,Home Appliances,146,2020-03-08 16:00:00,451.679559837222,PayPal,3.0,,2564.612601383726,48,No,No,Regular,Online,0
13911,Charlie,31.0,Male,New York,Clothing,690,2020-03-08 17:00:00,54.04035724931263,Credit Card,5.0,Excellent,475.5898348054799,12,No,No,New,In-store,1
19905,John,28.0,Male,Los Angeles,Books,521,2020-03-08 18:00:00,74.64561461936732,Cash,2.0,,755.7866505920841,68,No,No,Regular,Online,0
13389,Eve,43.0,Male,Los Angeles,Books,248,2020-03-08 19:00:00,,PayPal,1.0,,,33,Yes,Yes,New,Both,1
19299,Charlie,59.0,Male,New York,Clothing,229,2020-03-08 20:00:00,62.24344367465751,Bank Transfer,3.0,Excellent,728.6040551411869,53,No,No,Regular,In-store,0
18442,John,44.0,Female,San Francisco,Toys,555,2020-03-08 21:00:00,179.3346279408618,PayPal,1.0,,1783.106702580276,36,No,Yes,New,Both,1
12430,Alice,28.0,Female,New York,Electronics,738,2020-03-08 22:00:00,82.70883532656406,Cash,1.0,Good,559.2282880232002,34,No,No,New,Online,0
10458,Charlie,55.0,Other,San Francisco,Books,976,2020-03-08 23:00:00,321.6597740146241,Credit Card,,Good,4205.185350195414,72,Yes,No,Regular,Both,0
10207,Charlie,51.0,Male,New York,Clothing,730,2020-03-09 00:00:00,,Cash,3.0,,,55,No,No,Regular,Online,0
10899,Eve,60.0,Other,San Francisco,Home Appliances,968,2020-03-09 01:00:00,498.3995474442469,Credit Card,,Average,5201.059761319316,11,No,No,New,Both,1
10021,Bob,36.0,Female,San Francisco,Clothing,604,2020-03-09 02:00:00,193.8681549234882,PayPal,4.0,Good,2858.544767690968,13,No,Yes,New,In-store,1
18601,Bob,23.0,Female,New York,Toys,873,2020-03-09 03:00:00,303.51619218616,PayPal,4.0,Good,3335.346286754318,61,Yes,No,Regular,Online,0
10894,Eve,63.0,Female,San Francisco,Electronics,343,2020-03-09 04:00:00,429.5711502267998,Cash,4.0,Average,2269.632752995289,85,Yes,Yes,VIP,Online,1
10514,Eve,69.0,Male,Chicago,Toys,573,2020-03-09 05:00:00,67.55641567022815,Bank Transfer,,Average,944.4397363192469,57,No,Yes,Regular,Both,1
17294,Eve,55.0,Male,Houston,Home Appliances,481,2020-03-09 06:00:00,347.8865614154628,PayPal,5.0,Excellent,1863.655429236801,74,No,No,Regular,In-store,0
14904,Bob,66.0,Female,Los Angeles,Home Appliances,202,2020-03-09 07:00:00,,Bank Transfer,3.0,Good,,60,Yes,Yes,Regular,Online,1
17867,Eve,59.0,Other,San Francisco,Home Appliances,588,2020-03-09 08:00:00,111.0116185372804,Bank Transfer,4.0,,743.4251053910899,68,Yes,No,Regular,Both,0
14109,,45.0,Other,San Francisco,Home Appliances,136,2020-03-09 09:00:00,207.3492731862466,Cash,5.0,,1359.694205020478,74,No,No,Regular,Online,0
17179,Charlie,18.0,Female,Los Angeles,Clothing,753,2020-03-09 10:00:00,47.22054061280926,PayPal,4.0,,296.6164491073649,10,Yes,No,New,In-store,1
11560,Charlie,52.0,Other,San Francisco,Home Appliances,648,2020-03-09 11:00:00,350.7495028087598,Bank Transfer,4.0,,2681.910382581662,52,Yes,No,Regular,Online,0
11266,Alice,,Female,Los Angeles,Home Appliances,619,2020-03-09 12:00:00,133.843907686742,PayPal,5.0,,1459.796473026761,58,Yes,No,Regular,Online,0
13638,Alice,25.0,Other,New York,Clothing,842,2020-03-09 13:00:00,162.5887660719902,Credit Card,,Good,1995.020600482523,84,No,No,VIP,In-store,0
18941,Charlie,69.0,Female,Chicago,Home Appliances,432,2020-03-09 14:00:00,69.32983613831675,Bank Transfer,1.0,Good,489.3195666849786,22,No,Yes,New,In-store,1
13427,John,64.0,Other,Chicago,Toys,496,2020-03-09 15:00:00,433.6829658060469,Cash,1.0,Bad,3601.958479312237,56,No,Yes,Regular,Online,1
14780,Bob,24.0,Male,Houston,Toys,395,2020-03-09 16:00:00,251.7876968485419,Cash,1.0,Good,2115.582563499584,78,No,No,Regular,In-store,0
11927,Bob,28.0,Female,San Francisco,Books,206,2020-03-09 17:00:00,290.3519701153361,Bank Transfer,2.0,Average,4087.294314920287,88,No,No,VIP,Online,0
12356,John,56.0,Female,Houston,Toys,959,2020-03-09 18:00:00,289.0220147164787,PayPal,4.0,,3868.073117525768,69,No,No,Regular,Online,0
14790,Bob,21.0,Other,New York,Electronics,629,2020-03-09 19:00:00,211.1416261252575,Credit Card,2.0,Excellent,2069.5241693045,6,No,No,New,Online,1
10306,Eve,42.0,Female,Chicago,Electronics,924,2020-03-09 20:00:00,104.3396585646883,Credit Card,3.0,Bad,1338.896281951885,88,No,No,VIP,Online,0
17979,Charlie,,Female,New York,Electronics,182,2020-03-09 21:00:00,375.1150467642159,Cash,,,3970.534334380961,11,Yes,No,New,Both,1
13665,Charlie,43.0,Female,New York,Clothing,387,2020-03-09 22:00:00,,Cash,3.0,,,52,No,No,Regular,Both,0
17057,John,55.0,Male,San Francisco,Toys,805,2020-03-09 23:00:00,60.89815723661714,PayPal,2.0,Average,690.3680945110156,66,Yes,Yes,Regular,Online,1
10661,Bob,63.0,Male,New York,Electronics,560,2020-03-10 00:00:00,357.9710684222866,Cash,1.0,,2963.334250237751,63,No,No,Regular,Both,0
14644,Alice,29.0,Other,Chicago,Books,314,2020-03-10 01:00:00,112.3301400214721,PayPal,4.0,Average,683.5622840051122,25,No,Yes,New,In-store,1
18503,Alice,60.0,Male,Houston,Clothing,380,2020-03-10 02:00:00,160.3186481628879,Bank Transfer,,Average,1554.444708242035,38,No,No,New,Online,0
12920,Bob,68.0,Other,Chicago,Books,831,2020-03-10 03:00:00,242.8614588308527,Credit Card,1.0,Bad,3138.572760982541,39,Yes,No,New,Online,0
19274,Alice,54.0,Male,San Francisco,Toys,558,2020-03-10 04:00:00,230.1821451974776,Bank Transfer,4.0,Bad,2487.019179730343,35,No,No,New,In-store,0
18946,John,63.0,Other,Chicago,Home Appliances,900,2020-03-10 05:00:00,357.2037712818496,Cash,5.0,Good,2853.971975571214,86,No,No,VIP,Online,0
16236,John,41.0,Male,Los Angeles,Books,443,2020-03-10 06:00:00,315.4815787872469,Credit Card,5.0,Good,3775.919050901442,85,No,No,VIP,Online,0
16078,Bob,33.0,Male,Houston,Home Appliances,293,2020-03-10 07:00:00,325.7541195181142,Credit Card,5.0,,4261.457205285797,71,Yes,Yes,Regular,Both,1
10352,Alice,30.0,Other,Los Angeles,Clothing,257,2020-03-10 08:00:00,359.8866220211741,Bank Transfer,3.0,Good,1857.932684658023,64,Yes,Yes,Regular,Online,1
19094,John,42.0,Female,Los Angeles,Books,564,2020-03-10 09:00:00,153.380236437498,PayPal,1.0,,1731.186457293057,35,No,No,New,Online,0
17005,John,69.0,Female,San Francisco,Books,203,2020-03-10 10:00:00,167.9433227822321,Credit Card,5.0,,1775.39681613769,37,No,Yes,New,In-store,1
10158,Eve,21.0,Male,New York,Clothing,133,2020-03-10 11:00:00,224.6188964688215,PayPal,2.0,,3245.674159298977,88,No,No,VIP,Both,0
10956,Eve,,Other,Los Angeles,Clothing,201,2020-03-10 12:00:00,160.6564647864278,Bank Transfer,5.0,,1278.919457663209,74,No,No,Regular,Both,0
12071,John,49.0,Female,Chicago,Electronics,738,2020-03-10 13:00:00,,Bank Transfer,3.0,Excellent,,81,No,No,VIP,Online,0
18595,Bob,66.0,Other,New York,Toys,825,2020-03-10 14:00:00,408.8854439465005,PayPal,,,5613.928366510086,59,No,No,Regular,In-store,0
19579,Charlie,24.0,Female,Chicago,Books,424,2020-03-10 15:00:00,90.6807972454545,Bank Transfer,1.0,Bad,1298.104503291563,72,No,No,Regular,In-store,0
13453,Charlie,63.0,Other,Chicago,Books,907,2020-03-10 16:00:00,12.74113638211606,Credit Card,1.0,,120.489927980852,12,No,No,New,In-store,1
16675,John,28.0,Male,New York,Clothing,790,2020-03-10 17:00:00,30.96380144116125,Bank Transfer,5.0,,214.0729539598409,99,No,Yes,VIP,Both,1
10955,John,45.0,Other,New York,Clothing,691,2020-03-10 18:00:00,129.5910910110334,Bank Transfer,2.0,Good,1834.177141232577,31,Yes,No,New,Both,0
16295,John,58.0,Female,Chicago,Toys,240,2020-03-10 19:00:00,66.00273006005972,Credit Card,2.0,Good,974.3467613671636,60,No,No,Regular,In-store,0
11712,Bob,40.0,Male,San Francisco,Clothing,573,2020-03-10 20:00:00,271.3356762973604,PayPal,5.0,Bad,2298.376691987901,85,No,No,VIP,Online,0
14703,Eve,62.0,Other,Houston,Home Appliances,130,2020-03-10 21:00:00,430.4176591364057,Bank Transfer,5.0,Bad,4635.218622868486,11,Yes,Yes,New,Online,1
16563,John,40.0,Female,Houston,Home Appliances,983,2020-03-10 22:00:00,371.0076082474814,PayPal,4.0,,5158.783394920966,95,No,No,VIP,In-store,0
19465,John,67.0,Male,San Francisco,Home Appliances,162,2020-03-10 23:00:00,115.6484409102733,Credit Card,4.0,,1109.033917398973,28,No,No,New,Online,0
15631,Alice,45.0,Other,New York,Home Appliances,659,2020-03-11 00:00:00,205.6566354526351,PayPal,5.0,Good,2507.18459623959,35,Yes,No,New,Online,0
19633,Bob,60.0,Female,Chicago,Toys,186,2020-03-11 01:00:00,258.868162670326,PayPal,3.0,,3501.077121429558,8,No,No,New,Online,1
19989,John,64.0,Other,Houston,Books,403,2020-03-11 02:00:00,407.0008662566344,Cash,4.0,,2273.350337082027,95,No,No,VIP,Online,0
11394,Alice,43.0,Other,Chicago,Home Appliances,160,2020-03-11 03:00:00,421.1695855220207,Cash,5.0,Good,4143.7027826759,64,No,Yes,Regular,Both,1
19461,Charlie,,Male,San Francisco,Clothing,495,2020-03-11 04:00:00,455.7619728348103,Bank Transfer,2.0,,6365.264083634381,3,Yes,No,New,Both,1
14732,John,46.0,Male,Chicago,Home Appliances,433,2020-03-11 05:00:00,259.5301727464088,Cash,4.0,,2871.726390093615,9,Yes,No,New,Online,1
13714,John,36.0,Female,San Francisco,Toys,885,2020-03-11 06:00:00,350.1946257535728,Cash,3.0,,3798.19149623607,44,No,No,Regular,In-store,0
10529,Alice,50.0,Male,New York,Clothing,510,2020-03-11 07:00:00,64.7821819046292,Cash,1.0,Good,918.9591085225526,65,No,No,Regular,Online,0
12958,Bob,53.0,Female,San Francisco,Home Appliances,383,2020-03-11 08:00:00,286.9915903774512,PayPal,2.0,Average,2560.647987211571,63,Yes,Yes,Regular,Online,1
17904,John,31.0,Other,San Francisco,Books,565,2020-03-11 09:00:00,131.8589866408562,PayPal,3.0,Good,903.466632649131,9,No,Yes,New,Online,1
13591,Charlie,31.0,Other,Houston,Clothing,179,2020-03-11 10:00:00,221.5412736630394,Cash,3.0,Bad,2873.33701127839,24,Yes,No,New,In-store,1
16895,John,52.0,Female,Chicago,Clothing,791,2020-03-11 11:00:00,320.6847490702925,Credit Card,3.0,Average,3245.677524328458,53,No,No,Regular,In-store,0
19131,Charlie,47.0,Other,Houston,Books,883,2020-03-11 12:00:00,135.9231095483527,Cash,2.0,Bad,1342.201877588378,95,No,No,VIP,Online,0
10525,Eve,45.0,Male,Los Angeles,Clothing,176,2020-03-11 13:00:00,35.57067832041293,Credit Card,3.0,,512.537618217729,31,No,No,New,Online,0
16477,Eve,34.0,Other,San Francisco,Home Appliances,832,2020-03-11 14:00:00,15.01458964029118,PayPal,1.0,Bad,189.5199911230858,11,No,No,New,Online,1
10001,Charlie,20.0,Male,Los Angeles,Clothing,893,2020-03-11 15:00:00,20.85817241681556,Credit Card,4.0,,161.3779678823184,6,No,No,New,In-store,1
10374,Bob,33.0,Female,Houston,Home Appliances,639,2020-03-11 16:00:00,14.09137138174713,PayPal,,Good,171.6823420866364,26,No,Yes,New,Online,1
14648,John,63.0,Female,Chicago,Books,460,2020-03-11 17:00:00,64.07397771335899,Credit Card,3.0,,911.2913403142383,93,No,No,VIP,Both,0
12365,John,47.0,Other,Houston,Electronics,176,2020-03-11 18:00:00,,PayPal,5.0,Bad,,25,Yes,No,New,Online,1
11525,Eve,69.0,Other,Chicago,Books,608,2020-03-11 19:00:00,118.3985419493266,PayPal,4.0,Excellent,1100.072437371544,45,No,No,Regular,In-store,0
11646,Charlie,46.0,Male,Chicago,Home Appliances,263,2020-03-11 20:00:00,493.5303311481494,Cash,2.0,,2540.061621489875,37,No,Yes,New,In-store,1
10013,John,62.0,Male,New York,Toys,108,2020-03-11 21:00:00,159.9429915523822,Bank Transfer,5.0,Average,1404.605456240575,5,No,No,New,Both,1
14599,John,32.0,Other,San Francisco,Books,274,2020-03-11 22:00:00,72.43618384610556,Bank Transfer,5.0,,773.9009094492582,89,No,No,VIP,In-store,0
12278,,63.0,Other,Houston,Toys,561,2020-03-11 23:00:00,277.3256466422014,PayPal,3.0,,2704.451661879998,47,Yes,No,Regular,In-store,0
13155,Alice,42.0,Female,Chicago,Toys,406,2020-03-12 00:00:00,,Cash,2.0,Excellent,,48,Yes,No,Regular,Both,0
18321,Eve,68.0,Female,Houston,Home Appliances,687,2020-03-12 01:00:00,342.2495846259608,Bank Transfer,3.0,Good,2331.679032230649,51,Yes,No,Regular,Online,0
13814,Eve,55.0,Female,Houston,Home Appliances,344,2020-03-12 02:00:00,155.0802236763707,Bank Transfer,1.0,Bad,1434.338145669929,58,No,No,Regular,In-store,0
13216,Alice,59.0,Other,Chicago,Electronics,221,2020-03-12 03:00:00,285.1919182978129,Cash,5.0,,1467.173897000916,99,Yes,Yes,VIP,Online,1
18219,John,64.0,Other,Los Angeles,Clothing,284,2020-03-12 04:00:00,,Cash,,Bad,,81,No,No,VIP,Both,0
12113,Bob,69.0,Other,San Francisco,Books,131,2020-03-12 05:00:00,366.7712012601937,Bank Transfer,3.0,Good,3394.518178514305,52,Yes,No,Regular,In-store,0
19444,,55.0,Female,San Francisco,Home Appliances,861,2020-03-12 06:00:00,,Bank Transfer,4.0,,,41,No,Yes,Regular,In-store,1
14356,,40.0,Other,New York,Books,668,2020-03-12 07:00:00,436.6971081400528,Credit Card,5.0,Excellent,2526.070558463282,81,Yes,No,VIP,In-store,0
15543,Bob,42.0,Male,New York,Toys,409,2020-03-12 08:00:00,436.3516745886112,Credit Card,4.0,,3702.287656135907,47,Yes,No,Regular,Both,0
14555,,59.0,Other,New York,Clothing,471,2020-03-12 09:00:00,293.6789141094316,PayPal,2.0,Excellent,2290.801104697308,74,Yes,Yes,Regular,Online,1
17062,John,24.0,Other,San Francisco,Electronics,755,2020-03-12 10:00:00,220.629620864494,Bank Transfer,5.0,,2272.771274775391,59,No,No,Regular,Online,0
13374,Alice,39.0,Other,Los Angeles,Books,929,2020-03-12 11:00:00,324.3694448268989,Cash,1.0,,4473.440605956549,20,No,Yes,New,In-store,1
16430,Charlie,34.0,Other,San Francisco,Clothing,695,2020-03-12 12:00:00,410.9238806715269,Cash,4.0,Excellent,2535.442636747833,99,Yes,No,VIP,Both,0
13466,Eve,35.0,Other,San Francisco,Electronics,155,2020-03-12 13:00:00,12.76953137218051,Bank Transfer,2.0,Good,87.75252649947001,62,Yes,No,Regular,Online,0
13081,Bob,66.0,Male,San Francisco,Books,890,2020-03-12 14:00:00,496.0785344172771,PayPal,5.0,Excellent,4551.73646319983,65,Yes,No,Regular,Both,0
10629,Charlie,58.0,Male,San Francisco,Clothing,372,2020-03-12 15:00:00,99.61794844130762,Cash,2.0,Excellent,756.0031861756187,27,No,Yes,New,Online,1
10269,Bob,27.0,Other,Los Angeles,Home Appliances,563,2020-03-12 16:00:00,240.4220029733883,Bank Transfer,1.0,,3234.662677941303,38,No,No,New,In-store,0
15724,John,27.0,Female,New York,Books,777,2020-03-12 17:00:00,437.2945700730047,Bank Transfer,5.0,Bad,2589.506643333761,61,No,No,Regular,Online,0
15897,John,24.0,Other,Houston,Clothing,555,2020-03-12 18:00:00,120.2697955316577,PayPal,2.0,,719.5658139671834,84,No,No,VIP,Online,0
13432,John,65.0,Other,New York,Electronics,769,2020-03-12 19:00:00,243.6296597111878,Bank Transfer,3.0,,2417.22663079097,69,No,No,Regular,Online,0
19472,Bob,67.0,Other,New York,Clothing,348,2020-03-12 20:00:00,74.96526828877779,Cash,5.0,Good,959.342070014565,80,No,No,Regular,Both,0
16276,Charlie,55.0,Female,Houston,Home Appliances,797,2020-03-12 21:00:00,203.5873994402144,Credit Card,5.0,Bad,2870.086386913291,66,No,No,Regular,In-store,0
15895,,44.0,Female,San Francisco,Books,177,2020-03-12 22:00:00,96.79637284857124,PayPal,5.0,Average,1050.473535309977,53,No,No,Regular,Online,0
17115,Charlie,69.0,Female,Los Angeles,Books,633,2020-03-12 23:00:00,188.1775968978669,Bank Transfer,5.0,Average,1627.76121500177,45,No,No,Regular,Online,0
16656,Bob,50.0,Male,Los Angeles,Books,207,2020-03-13 00:00:00,192.9974662284338,PayPal,3.0,,1823.200333939952,95,Yes,Yes,VIP,In-store,1
10575,Charlie,18.0,Female,New York,Home Appliances,372,2020-03-13 01:00:00,496.653686903183,Bank Transfer,1.0,Excellent,4745.897432920738,46,Yes,No,Regular,Online,0
17029,Bob,61.0,Male,Houston,Electronics,863,2020-03-13 02:00:00,497.4583843588484,Credit Card,,Average,4032.841515692109,17,No,No,New,In-store,1
16099,Bob,51.0,Male,Chicago,Books,114,2020-03-13 03:00:00,66.24527654370009,PayPal,3.0,,868.936814182893,86,No,No,VIP,In-store,0
19499,Eve,21.0,Female,San Francisco,Electronics,469,2020-03-13 04:00:00,365.7247018708902,Bank Transfer,2.0,Bad,3487.521292626787,75,No,Yes,Regular,Online,1
13192,Bob,34.0,Female,New York,Clothing,403,2020-03-13 05:00:00,,Credit Card,4.0,Average,,18,No,No,New,Online,1
13178,,21.0,Female,Los Angeles,Electronics,771,2020-03-13 06:00:00,24.79408751522243,Cash,4.0,Bad,290.8145774594051,86,Yes,No,VIP,In-store,0
16052,Alice,60.0,Male,Houston,Electronics,304,2020-03-13 07:00:00,61.61360818003251,Bank Transfer,2.0,Excellent,778.1694613430969,49,No,No,Regular,Both,0
12734,John,43.0,Other,Houston,Books,212,2020-03-13 08:00:00,,Credit Card,3.0,,,60,Yes,No,Regular,Online,0
16116,Eve,21.0,Female,New York,Toys,779,2020-03-13 09:00:00,471.0231384684017,Credit Card,2.0,,7060.256125779003,78,No,No,Regular,Online,0
13568,Eve,18.0,Female,Chicago,Toys,964,2020-03-13 10:00:00,105.0246319375334,PayPal,5.0,,1452.153016808238,33,No,No,New,Both,0
19847,Eve,24.0,Female,Los Angeles,Home Appliances,352,2020-03-13 11:00:00,89.21944442131864,Bank Transfer,2.0,Excellent,506.2910693509692,87,Yes,No,VIP,In-store,0
19771,Alice,47.0,Male,New York,Home Appliances,540,2020-03-13 12:00:00,,Cash,2.0,,,64,No,No,Regular,Online,0
12203,Bob,67.0,Male,Chicago,Toys,285,2020-03-13 13:00:00,262.6180270968197,Bank Transfer,5.0,Average,2981.520555149735,49,No,No,Regular,Online,0
11390,John,26.0,Other,Houston,Clothing,958,2020-03-13 14:00:00,,Credit Card,4.0,Average,,34,No,No,New,Online,0
11742,,52.0,Female,San Francisco,Books,326,2020-03-13 15:00:00,118.5807809153292,Cash,5.0,Average,1378.571403337748,71,No,No,Regular,In-store,0
11925,Bob,25.0,Male,Los Angeles,Books,627,2020-03-13 16:00:00,380.7451661640732,Credit Card,1.0,Bad,2487.324220102802,66,Yes,No,Regular,Online,0
10619,Alice,41.0,Other,Los Angeles,Clothing,767,2020-03-13 17:00:00,161.6810530072989,PayPal,2.0,Good,1976.108354727901,47,Yes,Yes,Regular,In-store,1
11274,Bob,36.0,Female,Chicago,Clothing,453,2020-03-13 18:00:00,461.8443495094111,Bank Transfer,2.0,,5909.374937661628,38,Yes,No,New,In-store,0
10956,Bob,53.0,Male,New York,Toys,722,2020-03-13 19:00:00,331.794126163798,Credit Card,4.0,Bad,4107.709580561776,65,Yes,No,Regular,In-store,0
11939,Alice,67.0,Female,Houston,Home Appliances,100,2020-03-13 20:00:00,223.8120852087697,Credit Card,3.0,Bad,1865.893444401873,72,No,No,Regular,Online,0
13953,Eve,69.0,Female,Chicago,Clothing,652,2020-03-13 21:00:00,397.0568808343942,Bank Transfer,5.0,,4296.255935627863,68,Yes,No,Regular,Both,0
10968,Eve,60.0,Male,San Francisco,Home Appliances,659,2020-03-13 22:00:00,410.7781667628657,Cash,3.0,Bad,5542.968643638775,72,Yes,No,Regular,Online,0
19508,John,,Male,San Francisco,Electronics,519,2020-03-13 23:00:00,152.3359867483824,Credit Card,1.0,,1862.03848927455,53,No,Yes,Regular,Online,1
19235,John,49.0,Male,San Francisco,Books,719,2020-03-14 00:00:00,176.4601264796813,Bank Transfer,5.0,Bad,1261.308842705649,1,Yes,No,New,In-store,1
10281,Eve,31.0,Female,Chicago,Toys,260,2020-03-14 01:00:00,468.6180253270156,PayPal,1.0,Excellent,5635.532817424001,56,No,No,Regular,Both,0
16262,Charlie,35.0,Female,Houston,Books,260,2020-03-14 02:00:00,90.72310879800324,PayPal,1.0,,596.1502448496981,67,Yes,No,Regular,In-store,0
11058,Bob,45.0,Other,Los Angeles,Toys,970,2020-03-14 03:00:00,30.65370431183776,Bank Transfer,1.0,,458.9511527488141,88,Yes,No,VIP,In-store,0
14293,Charlie,46.0,Female,New York,Electronics,227,2020-03-14 04:00:00,232.4871080786791,Credit Card,,,1557.766181556126,12,Yes,No,New,In-store,1
15178,Bob,33.0,Male,Los Angeles,Books,821,2020-03-14 05:00:00,402.5928511193782,Bank Transfer,5.0,Bad,6033.201365893608,37,No,Yes,New,In-store,1
16980,Eve,52.0,Female,Houston,Electronics,250,2020-03-14 06:00:00,388.1173720922654,Bank Transfer,4.0,,3191.034088825311,49,Yes,No,Regular,Online,0
19200,John,,Other,Los Angeles,Toys,543,2020-03-14 07:00:00,460.5700081672879,Credit Card,,,6829.653924583227,60,No,Yes,Regular,Online,1
11229,John,48.0,Other,Chicago,Clothing,866,2020-03-14 08:00:00,271.2683255408297,Cash,3.0,,3478.812954679859,74,No,No,Regular,Online,0
19227,Charlie,21.0,Male,San Francisco,Books,570,2020-03-14 09:00:00,59.03168906760133,Cash,3.0,Bad,414.9842717738093,26,No,No,New,In-store,1
14585,John,54.0,Male,Houston,Electronics,562,2020-03-14 10:00:00,298.4575974246479,PayPal,1.0,Bad,3053.231460131937,53,No,No,Regular,Online,0
18467,Eve,34.0,Other,Houston,Books,829,2020-03-14 11:00:00,391.4138510330737,Cash,5.0,Bad,3650.44912439128,88,Yes,No,VIP,Both,0
12740,Charlie,56.0,Other,Los Angeles,Books,129,2020-03-14 12:00:00,,Bank Transfer,5.0,,,61,No,No,Regular,In-store,0
12289,Bob,65.0,Other,Chicago,Books,572,2020-03-14 13:00:00,94.60212653781898,Credit Card,1.0,,1130.651064217991,10,No,No,New,In-store,1
11239,John,63.0,Male,Los Angeles,Home Appliances,656,2020-03-14 14:00:00,16.02242396627874,PayPal,2.0,Excellent,207.1231901856379,22,No,Yes,New,Online,1
15370,Alice,43.0,Other,Los Angeles,Electronics,179,2020-03-14 15:00:00,,Cash,3.0,,,97,Yes,No,VIP,In-store,0
10125,John,65.0,Other,Houston,Electronics,138,2020-03-14 16:00:00,444.4998520534932,Bank Transfer,4.0,Good,4863.5779397058,47,No,No,Regular,In-store,0
17473,Bob,56.0,Male,Los Angeles,Books,339,2020-03-14 17:00:00,338.6250248410287,PayPal,2.0,,2203.107291492859,19,No,No,New,Online,1
19400,Charlie,58.0,Female,San Francisco,Clothing,656,2020-03-14 18:00:00,491.1996429195812,Credit Card,5.0,Average,5893.730356689501,68,Yes,No,Regular,Both,0
15342,Bob,21.0,Female,Los Angeles,Books,689,2020-03-14 19:00:00,40.88648972488316,Cash,1.0,,488.7581609069591,63,No,No,Regular,Online,0
17351,,47.0,Other,San Francisco,Home Appliances,436,2020-03-14 20:00:00,452.4705317242332,Bank Transfer,3.0,Excellent,5820.766850734052,18,No,No,New,Online,1
16638,Eve,47.0,Female,Houston,Toys,960,2020-03-14 21:00:00,,Credit Card,1.0,,,15,No,Yes,New,Online,1
16570,John,39.0,Female,Chicago,Home Appliances,899,2020-03-14 22:00:00,163.9783450447574,Bank Transfer,5.0,,1542.866162246989,87,No,No,VIP,Online,0
13249,Charlie,28.0,Female,San Francisco,Clothing,379,2020-03-14 23:00:00,487.0280104002534,Bank Transfer,1.0,,5889.264741924873,22,No,No,New,Both,1
19110,Eve,19.0,Female,Chicago,Books,215,2020-03-15 00:00:00,,Bank Transfer,3.0,Average,,29,No,No,New,In-store,0
17595,Bob,61.0,Other,Chicago,Electronics,368,2020-03-15 01:00:00,445.7593146758271,Credit Card,1.0,Good,6210.983858841741,16,No,No,New,Online,1
16294,Charlie,29.0,Female,San Francisco,Books,434,2020-03-15 02:00:00,441.5668027663528,PayPal,3.0,Good,4574.988178584927,70,No,Yes,Regular,Both,1
16527,Eve,47.0,Female,Houston,Clothing,411,2020-03-15 03:00:00,381.2522321354565,Bank Transfer,1.0,,1946.304925381495,65,Yes,No,Regular,In-store,0
15757,Charlie,53.0,Male,New York,Electronics,152,2020-03-15 04:00:00,286.1005321682974,PayPal,1.0,Average,2940.037279029752,97,No,No,VIP,Online,0
11969,Alice,,Other,Chicago,Home Appliances,167,2020-03-15 05:00:00,,PayPal,3.0,Excellent,,95,No,No,VIP,In-store,0
10891,Alice,43.0,Male,Chicago,Toys,793,2020-03-15 06:00:00,270.6661499032841,Cash,1.0,Good,2942.351975119926,65,No,No,Regular,In-store,0
14470,John,24.0,Male,Houston,Toys,133,2020-03-15 07:00:00,184.8301652709179,Cash,2.0,,1563.036271005976,8,No,No,New,Online,1
17175,John,18.0,Other,Houston,Books,895,2020-03-15 08:00:00,398.1863462461224,PayPal,4.0,Excellent,2668.681131677753,46,Yes,No,Regular,In-store,0
19556,Alice,43.0,Female,Los Angeles,Home Appliances,917,2020-03-15 09:00:00,381.483311183454,Cash,2.0,Average,4133.061180908328,76,No,Yes,Regular,Both,1
18320,Charlie,,Male,Houston,Clothing,485,2020-03-15 10:00:00,456.2001286125766,Cash,4.0,Good,2902.394928505827,10,No,No,New,Online,1
19206,Alice,43.0,Other,Chicago,Toys,348,2020-03-15 11:00:00,17.26677959153686,PayPal,2.0,Good,234.2033476539482,26,No,No,New,Online,1
19991,John,62.0,Female,San Francisco,Home Appliances,210,2020-03-15 12:00:00,406.4605762432926,Credit Card,4.0,,3866.475839435216,31,No,No,New,In-store,0
16812,Alice,23.0,Other,New York,Books,193,2020-03-15 13:00:00,469.8464060310877,Cash,1.0,,2863.289136631547,29,Yes,No,New,Online,0
17519,Alice,23.0,Male,Los Angeles,Electronics,509,2020-03-15 14:00:00,396.7572200629936,Cash,3.0,,3429.056099907925,63,Yes,No,Regular,Both,0
14612,Charlie,61.0,Female,San Francisco,Books,278,2020-03-15 15:00:00,73.79528533647968,Credit Card,3.0,Good,919.9816562256538,61,No,No,Regular,Online,0
19710,Eve,25.0,Female,New York,Books,146,2020-03-15 16:00:00,49.82676137203499,Credit Card,5.0,,537.0916710459445,10,Yes,No,New,Online,1
11198,John,41.0,Other,New York,Home Appliances,893,2020-03-15 17:00:00,20.2141675057734,Credit Card,4.0,Good,132.3035138142853,81,No,No,VIP,Online,0
15238,Charlie,39.0,Female,New York,Toys,951,2020-03-15 18:00:00,,PayPal,,Average,,87,No,Yes,VIP,In-store,1
16089,Alice,36.0,Male,San Francisco,Home Appliances,973,2020-03-15 19:00:00,318.5395994113448,Credit Card,5.0,,2022.330152677192,33,No,No,New,Online,0
16257,,54.0,Male,Los Angeles,Electronics,703,2020-03-15 20:00:00,493.587719966924,PayPal,4.0,Excellent,7204.408433987498,42,Yes,No,Regular,Both,0
17705,Eve,35.0,Male,Los Angeles,Home Appliances,475,2020-03-15 21:00:00,205.0411553110069,Bank Transfer,3.0,,2825.58717520973,35,Yes,No,New,Online,0
13719,John,48.0,Other,New York,Clothing,823,2020-03-15 22:00:00,172.6340795997734,Bank Transfer,4.0,,1514.336728677183,51,No,No,Regular,Online,0
10302,John,54.0,Female,San Francisco,Books,686,2020-03-15 23:00:00,315.9682143203523,Credit Card,1.0,Bad,3021.511559910084,58,No,No,Regular,In-store,0
10986,Bob,47.0,Female,New York,Toys,989,2020-03-16 00:00:00,414.548249528721,Credit Card,5.0,Average,5288.291635794318,6,No,No,New,Online,1
14440,John,59.0,Female,Houston,Electronics,301,2020-03-16 01:00:00,469.0192352662709,Bank Transfer,5.0,Average,2916.384012176315,82,No,No,VIP,Both,0
14909,Eve,50.0,Male,Los Angeles,Books,544,2020-03-16 02:00:00,,PayPal,,Average,,39,No,No,New,Online,0
13072,,27.0,Female,Chicago,Home Appliances,396,2020-03-16 03:00:00,219.0702505017443,PayPal,5.0,Excellent,2395.127702844346,90,No,No,VIP,Both,0
13124,Bob,54.0,Male,New York,Clothing,407,2020-03-16 04:00:00,321.1079753029114,Credit Card,3.0,Excellent,2766.127623693045,13,No,No,New,Online,1
19519,Alice,29.0,Female,Houston,Home Appliances,822,2020-03-16 05:00:00,,Credit Card,5.0,,,12,Yes,No,New,Both,1
18125,Alice,47.0,Male,Los Angeles,Books,592,2020-03-16 06:00:00,250.3987472727523,Credit Card,4.0,,1346.496929900067,16,No,No,New,Both,1
13291,John,44.0,Female,San Francisco,Electronics,437,2020-03-16 07:00:00,116.1764554156424,Bank Transfer,3.0,Bad,1060.492353345581,59,No,Yes,Regular,Both,1
14033,Bob,,Other,Los Angeles,Toys,745,2020-03-16 08:00:00,93.16448547645776,Cash,3.0,Bad,712.2547513607076,58,No,No,Regular,Online,0
15105,Alice,26.0,Other,San Francisco,Books,941,2020-03-16 09:00:00,10.0772948432478,Credit Card,5.0,Bad,56.15314217210884,35,No,No,New,In-store,0
10703,Eve,38.0,Male,San Francisco,Electronics,165,2020-03-16 10:00:00,361.9366175408293,PayPal,4.0,Good,4602.800882710718,9,No,No,New,Both,1
18133,Alice,29.0,Male,New York,Books,891,2020-03-16 11:00:00,64.43763233453535,Cash,5.0,Good,443.1438574246074,58,No,No,Regular,In-store,0
10574,Alice,46.0,Female,New York,Clothing,521,2020-03-16 12:00:00,129.4811588510108,PayPal,,Average,1248.727393105389,56,Yes,No,Regular,Online,0
15704,Bob,50.0,Female,Los Angeles,Home Appliances,639,2020-03-16 13:00:00,155.9594024461688,Cash,1.0,,1208.26775572173,26,No,Yes,New,Online,1
17848,Bob,60.0,Other,Houston,Toys,728,2020-03-16 14:00:00,284.5861314670165,Bank Transfer,3.0,Average,2564.172723604235,46,No,No,Regular,In-store,0
15208,Charlie,32.0,Female,Los Angeles,Electronics,592,2020-03-16 15:00:00,204.9990658749269,Cash,5.0,Good,1917.724498278373,63,Yes,No,Regular,Online,0
16924,,19.0,Male,Chicago,Toys,981,2020-03-16 16:00:00,,PayPal,1.0,,,79,No,Yes,Regular,In-store,1
13828,Bob,69.0,Male,San Francisco,Toys,416,2020-03-16 17:00:00,37.26294307106433,Cash,2.0,,257.0877660287428,34,Yes,No,New,Both,0
13230,John,56.0,Male,San Francisco,Toys,936,2020-03-16 18:00:00,70.73020518957533,Bank Transfer,1.0,Good,830.0496216792125,98,Yes,Yes,VIP,Both,1
10488,Eve,61.0,Male,New York,Electronics,725,2020-03-16 19:00:00,254.6136367313007,PayPal,5.0,,2333.987721705561,16,Yes,Yes,New,In-store,1
17114,Eve,35.0,Male,Houston,Electronics,174,2020-03-16 20:00:00,175.1127460449466,Credit Card,5.0,Excellent,1673.166562318159,38,Yes,No,New,Online,0
19539,Bob,20.0,Other,New York,Toys,813,2020-03-16 21:00:00,,Cash,1.0,Excellent,,13,No,No,New,Both,1
13173,Eve,,Other,Chicago,Home Appliances,158,2020-03-16 22:00:00,42.84375872838613,PayPal,5.0,Excellent,490.9244692865905,49,No,Yes,Regular,Online,1
11667,Bob,60.0,Male,Los Angeles,Books,485,2020-03-16 23:00:00,448.9023956265207,Cash,5.0,,4839.815483122175,88,No,No,VIP,In-store,0
19829,Alice,35.0,Female,Los Angeles,Toys,114,2020-03-17 00:00:00,348.9911072012749,Bank Transfer,,,2925.437830966504,28,No,No,New,Both,0
14114,Charlie,61.0,Male,Houston,Clothing,330,2020-03-17 01:00:00,69.5928968416282,PayPal,3.0,Excellent,373.1018223754207,39,No,No,New,In-store,0
13553,Alice,55.0,Other,New York,Toys,716,2020-03-17 02:00:00,41.8725192911989,Credit Card,5.0,,580.2940622059264,52,No,No,Regular,In-store,0
17761,Bob,54.0,Male,New York,Electronics,776,2020-03-17 03:00:00,487.6875413813091,Credit Card,,Bad,4106.55816111122,90,No,No,VIP,Both,0
11000,Bob,50.0,Other,Chicago,Books,298,2020-03-17 04:00:00,343.7745497153574,Cash,3.0,Bad,4605.708741123611,95,Yes,No,VIP,Both,0
19042,Alice,61.0,Other,Los Angeles,Clothing,453,2020-03-17 05:00:00,214.5534748359333,Bank Transfer,3.0,Bad,1870.778406776806,64,No,No,Regular,Online,0
11388,John,,Male,New York,Books,134,2020-03-17 06:00:00,,Bank Transfer,,,,46,Yes,No,Regular,Online,0
15450,John,28.0,Male,Houston,Books,261,2020-03-17 07:00:00,,Cash,1.0,,,3,No,No,New,Online,1
13712,John,21.0,Female,Los Angeles,Clothing,856,2020-03-17 08:00:00,392.1814791705019,PayPal,2.0,,5094.169069140204,62,No,No,Regular,Online,0
11367,Bob,35.0,Other,Chicago,Toys,898,2020-03-17 09:00:00,244.1598797699982,PayPal,5.0,Bad,2451.31324630956,24,No,Yes,New,Online,1
18189,Eve,21.0,Female,Houston,Toys,994,2020-03-17 10:00:00,220.6425514811755,Cash,1.0,,2176.811394987275,84,No,No,VIP,In-store,0
19013,Bob,66.0,Male,San Francisco,Toys,570,2020-03-17 11:00:00,15.40376129176117,PayPal,4.0,Bad,169.7020970502263,15,No,No,New,In-store,1
10454,,51.0,Other,Chicago,Home Appliances,630,2020-03-17 12:00:00,,PayPal,2.0,,,4,No,Yes,New,In-store,1
19816,Alice,46.0,Female,Houston,Toys,891,2020-03-17 13:00:00,305.6208604105821,PayPal,2.0,,1689.053083562664,68,No,Yes,Regular,Online,1
12772,Charlie,41.0,Female,New York,Clothing,951,2020-03-17 14:00:00,109.5454292230844,Cash,2.0,Bad,1177.458012969624,93,Yes,No,VIP,In-store,0
13726,Eve,39.0,Female,San Francisco,Home Appliances,522,2020-03-17 15:00:00,460.6056755165039,Credit Card,4.0,,4852.511147109337,100,No,Yes,VIP,Both,1
17232,John,19.0,Male,Chicago,Toys,447,2020-03-17 16:00:00,458.3166318674452,Bank Transfer,1.0,,3707.540192367451,40,Yes,Yes,New,Online,1
14806,Bob,61.0,Male,New York,Home Appliances,793,2020-03-17 17:00:00,494.700240539387,Credit Card,5.0,Excellent,5895.001101528519,90,No,No,VIP,Online,0
12190,Alice,23.0,Male,San Francisco,Clothing,246,2020-03-17 18:00:00,438.2877159380996,PayPal,2.0,,3993.4681769425,94,Yes,No,VIP,In-store,0
19108,John,59.0,Other,Los Angeles,Toys,473,2020-03-17 19:00:00,498.9143500318317,Cash,2.0,Average,3141.525272629995,92,Yes,No,VIP,Online,0
12875,Alice,42.0,Male,New York,Electronics,787,2020-03-17 20:00:00,,Bank Transfer,,,,57,Yes,No,Regular,Both,0
15592,Charlie,38.0,Other,Houston,Clothing,774,2020-03-17 21:00:00,,PayPal,2.0,Good,,75,No,No,Regular,In-store,0
11440,Bob,33.0,Female,Chicago,Books,515,2020-03-17 22:00:00,413.2838713099246,Bank Transfer,2.0,,6127.946714117162,84,Yes,Yes,VIP,In-store,1
18927,Bob,48.0,Female,San Francisco,Books,786,2020-03-17 23:00:00,123.1607760181595,Bank Transfer,4.0,,818.4662468783923,75,No,No,Regular,In-store,0
16059,Charlie,,Male,New York,Clothing,593,2020-03-18 00:00:00,58.23439901048548,Credit Card,3.0,,341.9022387152885,46,No,No,Regular,Online,0
17010,Bob,56.0,Female,Los Angeles,Books,658,2020-03-18 01:00:00,489.9160517020238,PayPal,1.0,,5558.791765461204,26,No,No,New,Online,1
17117,,45.0,Male,Chicago,Clothing,355,2020-03-18 02:00:00,155.0520302450991,Bank Transfer,1.0,,1013.422147752511,90,No,No,VIP,Both,0
19153,Alice,49.0,Other,Chicago,Electronics,785,2020-03-18 03:00:00,436.736977329225,Credit Card,,,2709.338682941587,64,No,No,Regular,Online,0
12989,,45.0,Female,New York,Clothing,202,2020-03-18 04:00:00,12.02230579055591,Cash,4.0,Average,131.7514788502461,41,Yes,No,Regular,Online,0
19218,Charlie,68.0,Male,Los Angeles,Toys,220,2020-03-18 05:00:00,20.30215553760508,Bank Transfer,4.0,,148.5403497062126,61,No,No,Regular,Online,0
16228,Eve,66.0,Female,San Francisco,Toys,518,2020-03-18 06:00:00,238.2769412612205,PayPal,5.0,,2558.668296367274,78,No,No,Regular,Online,0
16471,John,26.0,Female,New York,Home Appliances,449,2020-03-18 07:00:00,126.9701951281811,Cash,4.0,,1127.271149974957,51,Yes,No,Regular,Online,0
12863,John,62.0,Male,San Francisco,Books,756,2020-03-18 08:00:00,348.0222288836225,Bank Transfer,1.0,Average,2233.886115042922,83,No,Yes,VIP,Online,1
11177,Charlie,39.0,Female,Chicago,Books,141,2020-03-18 09:00:00,287.1265195282976,Bank Transfer,5.0,,2357.255478972307,65,No,No,Regular,Online,0
14760,Eve,49.0,Female,San Francisco,Clothing,466,2020-03-18 10:00:00,47.9680407507408,PayPal,3.0,Excellent,343.976806970223,45,No,Yes,Regular,Online,1
10011,John,,Female,Los Angeles,Books,128,2020-03-18 11:00:00,89.68786519470136,Bank Transfer,2.0,,965.2206861534579,90,No,No,VIP,Online,0
15252,John,,Female,Houston,Toys,991,2020-03-18 12:00:00,200.144142328623,PayPal,2.0,Bad,2449.621154122195,42,No,No,Regular,Both,0
14399,Eve,22.0,Other,Los Angeles,Electronics,884,2020-03-18 13:00:00,,PayPal,5.0,Average,,88,Yes,No,VIP,Online,0
18234,Bob,59.0,Female,San Francisco,Clothing,113,2020-03-18 14:00:00,398.188950149525,PayPal,3.0,,4840.450434296069,89,No,No,VIP,Both,0
19135,John,49.0,Female,New York,Books,917,2020-03-18 15:00:00,213.8744154211072,PayPal,2.0,Average,1366.994042169607,77,No,No,Regular,Online,0
15445,Alice,27.0,Male,Chicago,Toys,924,2020-03-18 16:00:00,,Bank Transfer,5.0,,,17,No,No,New,Online,1
16570,Eve,56.0,Other,Houston,Home Appliances,584,2020-03-18 17:00:00,247.3280221133412,Cash,4.0,Excellent,2163.308771676209,100,No,No,VIP,Online,0
19196,John,32.0,Male,New York,Books,288,2020-03-18 18:00:00,54.51070872009294,Cash,1.0,Good,427.5278017602381,90,No,No,VIP,Online,0
18212,Charlie,24.0,Male,New York,Electronics,971,2020-03-18 19:00:00,,Credit Card,3.0,,,50,Yes,No,Regular,Online,0
10406,Alice,46.0,Male,Los Angeles,Electronics,394,2020-03-18 20:00:00,127.4088176938206,PayPal,2.0,,1141.022977300068,31,No,No,New,Online,0
19206,John,64.0,Other,San Francisco,Books,282,2020-03-18 21:00:00,,Bank Transfer,1.0,Good,,74,No,No,Regular,In-store,0
14431,Alice,20.0,Male,Los Angeles,Books,963,2020-03-18 22:00:00,463.0601408431563,Bank Transfer,5.0,,4947.390117368539,60,No,No,Regular,Both,0
15243,Alice,36.0,Male,San Francisco,Toys,647,2020-03-18 23:00:00,414.8662873727138,Credit Card,2.0,Good,6169.107997903136,95,Yes,No,VIP,Both,0
16542,Bob,27.0,Male,Los Angeles,Books,981,2020-03-19 00:00:00,173.6978365347451,Cash,,Average,1323.886725161869,11,No,No,New,Both,1
16936,Alice,45.0,Female,New York,Home Appliances,136,2020-03-19 01:00:00,,Bank Transfer,4.0,Average,,23,No,Yes,New,Both,1
18906,Bob,46.0,Male,Chicago,Toys,113,2020-03-19 02:00:00,279.0862884872172,Credit Card,3.0,,2879.642349223755,34,No,No,New,Online,0
14146,Eve,32.0,Other,San Francisco,Clothing,734,2020-03-19 03:00:00,363.7080486612251,Cash,5.0,,4705.411334001185,21,No,No,New,Both,1
10140,Bob,52.0,Other,Houston,Home Appliances,694,2020-03-19 04:00:00,496.7526661984857,Bank Transfer,2.0,,6379.462314016167,36,No,No,New,Online,0
14882,,23.0,Female,Houston,Toys,258,2020-03-19 05:00:00,74.46964882067384,PayPal,4.0,,1060.623560981979,99,No,No,VIP,In-store,0
16012,John,29.0,Other,New York,Toys,593,2020-03-19 06:00:00,34.15307952166417,Credit Card,3.0,Bad,473.4731061998824,32,Yes,No,New,In-store,0
10963,Eve,64.0,Other,Los Angeles,Electronics,428,2020-03-19 07:00:00,350.2343856076828,Bank Transfer,3.0,,2141.208924791607,67,No,Yes,Regular,In-store,1
17151,Eve,55.0,Female,Los Angeles,Toys,713,2020-03-19 08:00:00,417.7906339169137,Credit Card,4.0,Average,2114.606237812619,71,No,No,Regular,In-store,0
18564,Charlie,30.0,Male,New York,Home Appliances,948,2020-03-19 09:00:00,,Credit Card,2.0,,,80,No,Yes,Regular,Online,1
13610,Bob,46.0,Female,Houston,Books,182,2020-03-19 10:00:00,342.4471390478087,Credit Card,3.0,,4545.321794344115,68,No,No,Regular,Online,0
19884,John,36.0,Male,Houston,Home Appliances,655,2020-03-19 11:00:00,,PayPal,5.0,Bad,,79,No,Yes,Regular,Both,1
16894,,20.0,Male,Los Angeles,Clothing,679,2020-03-19 12:00:00,260.3923341368476,Cash,1.0,Bad,2525.731265556259,37,No,No,New,Online,0
17311,Alice,25.0,Other,San Francisco,Toys,659,2020-03-19 13:00:00,457.7692511847441,Cash,5.0,,4631.657659795566,2,No,No,New,Both,1
10105,Bob,25.0,Female,Chicago,Toys,668,2020-03-19 14:00:00,484.2279471258463,Bank Transfer,3.0,Excellent,4416.880392163337,59,No,No,Regular,Both,0
15539,Eve,37.0,Other,San Francisco,Toys,686,2020-03-19 15:00:00,425.1071539315228,PayPal,1.0,Excellent,6007.09898140858,81,Yes,No,VIP,Online,0
19873,,64.0,Other,Houston,Toys,121,2020-03-19 16:00:00,161.7816959967241,Cash,4.0,,1163.042238598584,20,Yes,Yes,New,In-store,1
16787,,21.0,Male,San Francisco,Electronics,231,2020-03-19 17:00:00,106.1456690734447,Bank Transfer,1.0,,717.2529375634089,89,No,No,VIP,In-store,0
12137,John,68.0,Other,Chicago,Electronics,564,2020-03-19 18:00:00,278.578831841091,Bank Transfer,1.0,,2716.085909440389,20,No,No,New,Online,1
14445,John,38.0,Female,San Francisco,Books,555,2020-03-19 19:00:00,231.9772276862923,Credit Card,1.0,Excellent,2389.378344273461,57,No,No,Regular,In-store,0
13530,Alice,20.0,Other,San Francisco,Toys,401,2020-03-19 20:00:00,440.1015876744391,PayPal,3.0,,4154.236634591913,11,No,No,New,Online,1
11286,Alice,62.0,Other,San Francisco,Clothing,366,2020-03-19 21:00:00,59.01551882290532,Cash,2.0,,847.9290338378174,90,Yes,No,VIP,Online,0
17052,Eve,25.0,Male,San Francisco,Books,898,2020-03-19 22:00:00,136.2926300426441,PayPal,3.0,,1286.041295980811,93,No,No,VIP,Online,0
13654,Charlie,40.0,Female,New York,Toys,494,2020-03-19 23:00:00,378.3814828141672,PayPal,2.0,,3590.353396541596,7,No,No,New,Both,1
17102,John,33.0,Other,Houston,Electronics,219,2020-03-20 00:00:00,56.54345603888294,Cash,4.0,Good,504.3874957819477,45,Yes,No,Regular,Online,0
12359,Charlie,30.0,Male,Chicago,Clothing,345,2020-03-20 01:00:00,167.1745628706331,Cash,4.0,Bad,2422.802383033018,83,No,No,VIP,In-store,0
18105,Eve,20.0,Other,Houston,Books,667,2020-03-20 02:00:00,199.7061430864517,PayPal,4.0,,1497.969963384164,77,No,Yes,Regular,Online,1
18636,John,65.0,Female,New York,Clothing,137,2020-03-20 03:00:00,315.0709603157181,Bank Transfer,4.0,Good,3088.247794429561,79,No,No,Regular,Both,0
16441,John,26.0,Other,New York,Toys,344,2020-03-20 04:00:00,,PayPal,4.0,,,5,No,No,New,In-store,1
15047,Charlie,31.0,Other,New York,Home Appliances,120,2020-03-20 05:00:00,431.6962002713577,Cash,5.0,Good,3315.028263940173,43,No,No,Regular,Online,0
18227,Bob,30.0,Male,New York,Clothing,209,2020-03-20 06:00:00,229.2956953784744,PayPal,3.0,Bad,2650.455541552152,39,No,No,New,Online,0
15203,Alice,24.0,Other,San Francisco,Clothing,705,2020-03-20 07:00:00,459.3406388214727,Cash,2.0,,5480.201223226667,62,No,No,Regular,Online,0
19667,Bob,32.0,Male,Houston,Electronics,493,2020-03-20 08:00:00,239.2562576806265,Bank Transfer,4.0,,1651.943871419284,98,No,Yes,VIP,Online,1
11798,,,Female,Los Angeles,Toys,509,2020-03-20 09:00:00,144.7697268809594,PayPal,,,2000.426273139822,29,Yes,Yes,New,In-store,1
19600,Alice,55.0,Other,Chicago,Clothing,747,2020-03-20 10:00:00,79.49612605696069,Bank Transfer,5.0,Bad,733.6807044415989,43,No,No,Regular,Both,0
15291,Bob,51.0,Female,New York,Toys,842,2020-03-20 11:00:00,11.83509640852956,PayPal,5.0,Bad,109.5498947031751,12,Yes,No,New,Online,1
15495,Alice,58.0,Female,Houston,Electronics,107,2020-03-20 12:00:00,270.7571676425695,PayPal,3.0,Good,3954.658144442606,89,Yes,No,VIP,In-store,0
19900,John,,Other,New York,Toys,543,2020-03-20 13:00:00,62.50678149419247,Cash,4.0,,937.2938179877222,22,No,Yes,New,Both,1
16284,Bob,41.0,Male,New York,Electronics,427,2020-03-20 14:00:00,201.9466041792773,Credit Card,5.0,,2155.405695086473,21,No,Yes,New,Online,1
17285,Alice,66.0,Female,New York,Electronics,986,2020-03-20 15:00:00,,Cash,5.0,,,1,Yes,No,New,Online,1
11300,Alice,54.0,Female,New York,Books,389,2020-03-20 16:00:00,145.0860894823231,PayPal,4.0,Excellent,1123.764224562656,58,No,No,Regular,Both,0
16869,Alice,61.0,Other,New York,Toys,862,2020-03-20 17:00:00,95.85990325939648,Credit Card,3.0,Average,1271.931750306637,63,Yes,No,Regular,Online,0
19435,Bob,18.0,Other,Chicago,Home Appliances,610,2020-03-20 18:00:00,389.6135950785774,Credit Card,5.0,Good,5628.905759924643,73,No,Yes,Regular,Online,1
13097,Eve,27.0,Other,Houston,Books,460,2020-03-20 19:00:00,473.9276744179941,Bank Transfer,2.0,Good,2743.454172608378,52,No,No,Regular,In-store,0
14616,Bob,60.0,Other,New York,Electronics,698,2020-03-20 20:00:00,59.21580475236334,PayPal,1.0,,324.987509380656,29,Yes,No,New,Online,0
10009,Charlie,33.0,Other,New York,Home Appliances,815,2020-03-20 21:00:00,86.23925894865386,Cash,,Excellent,1158.019572357317,48,No,No,Regular,Online,0
15752,Bob,63.0,Other,New York,Clothing,318,2020-03-20 22:00:00,480.4062020538321,Credit Card,1.0,,4304.529203548683,51,Yes,No,Regular,In-store,0
19852,Alice,25.0,Male,New York,Clothing,505,2020-03-20 23:00:00,28.51426868800068,Credit Card,3.0,Excellent,406.77907093083,46,No,No,Regular,Both,0
16295,John,66.0,Female,San Francisco,Books,852,2020-03-21 00:00:00,489.0398449097314,Cash,,,5026.954866768649,52,No,No,Regular,Both,0
14815,Bob,42.0,Male,San Francisco,Home Appliances,931,2020-03-21 01:00:00,12.2757967116445,Cash,1.0,,182.9147332714804,80,No,No,Regular,Online,0
11072,Bob,67.0,Male,Los Angeles,Toys,869,2020-03-21 02:00:00,,Credit Card,1.0,,,78,Yes,No,Regular,Online,0
13225,Alice,29.0,Other,New York,Home Appliances,720,2020-03-21 03:00:00,160.5893386839973,Cash,4.0,,1881.732473278647,52,Yes,No,Regular,Online,0
11316,John,42.0,Female,Los Angeles,Books,867,2020-03-21 04:00:00,469.9085405068753,Bank Transfer,5.0,Excellent,4434.628737581257,35,No,No,New,In-store,0
15699,John,34.0,Male,Chicago,Toys,893,2020-03-21 05:00:00,165.3031914314369,Credit Card,5.0,Excellent,1491.745580913451,43,Yes,No,Regular,Online,0
16807,Charlie,43.0,Other,Los Angeles,Toys,319,2020-03-21 06:00:00,330.6100975516874,Bank Transfer,,Good,2599.392316980453,12,No,No,New,In-store,1
16674,Bob,63.0,Other,Houston,Clothing,694,2020-03-21 07:00:00,,PayPal,5.0,,,42,No,No,Regular,Both,0
13683,John,65.0,Female,San Francisco,Home Appliances,206,2020-03-21 08:00:00,128.7416076123321,Bank Transfer,2.0,Average,1760.956000721796,94,No,Yes,VIP,In-store,1
17227,John,31.0,Male,San Francisco,Toys,680,2020-03-21 09:00:00,389.1028797748328,Cash,3.0,Excellent,2230.327738647477,82,No,No,VIP,Online,0
13273,Eve,58.0,Male,New York,Books,708,2020-03-21 10:00:00,269.0560683026217,Credit Card,4.0,Good,1809.30432036481,35,No,No,New,Both,0
17000,Eve,53.0,Male,New York,Clothing,823,2020-03-21 11:00:00,464.7048402756519,Bank Transfer,1.0,,3587.584251755207,62,No,No,Regular,In-store,0
10145,John,40.0,Other,Chicago,Toys,385,2020-03-21 12:00:00,220.0881900872636,Cash,5.0,,1378.873944013115,11,Yes,No,New,In-store,1
15010,Charlie,60.0,Female,Chicago,Home Appliances,848,2020-03-21 13:00:00,436.2080592488223,Cash,2.0,,5322.668918720359,90,No,No,VIP,In-store,0
13040,John,23.0,Female,Houston,Clothing,107,2020-03-21 14:00:00,229.9881643643364,Bank Transfer,2.0,,1354.716234541638,39,No,No,New,Online,0
19654,Alice,64.0,Male,New York,Home Appliances,905,2020-03-21 15:00:00,489.8316565639728,Credit Card,3.0,Bad,2960.325881566901,71,No,No,Regular,Both,0
19776,Bob,22.0,Other,New York,Home Appliances,288,2020-03-21 16:00:00,480.3188468854496,Bank Transfer,2.0,,6172.051143363591,1,No,No,New,In-store,1
10482,Charlie,60.0,Male,Chicago,Home Appliances,180,2020-03-21 17:00:00,171.2769857224794,PayPal,5.0,Excellent,1704.945390515798,8,Yes,No,New,Online,1
13179,Alice,42.0,Female,Chicago,Clothing,207,2020-03-21 18:00:00,444.1025985042336,Bank Transfer,5.0,Average,3430.696968477487,8,Yes,No,New,Online,1
11249,Charlie,35.0,Other,Chicago,Toys,420,2020-03-21 19:00:00,425.3295733656681,Bank Transfer,2.0,,2608.085596727726,62,No,Yes,Regular,Both,1
10630,Alice,30.0,Male,San Francisco,Electronics,678,2020-03-21 20:00:00,,Credit Card,5.0,Average,,32,No,No,New,Online,0
18853,Bob,60.0,Male,Los Angeles,Toys,785,2020-03-21 21:00:00,315.9022963838021,Bank Transfer,5.0,Average,2796.637028042777,56,Yes,No,Regular,Online,0
12852,Bob,31.0,Other,Los Angeles,Clothing,445,2020-03-21 22:00:00,45.61433463900928,Cash,1.0,,591.2600918559555,50,Yes,No,Regular,In-store,0
10987,Eve,45.0,Female,New York,Electronics,962,2020-03-21 23:00:00,419.9882530858962,Credit Card,4.0,,3753.20011267172,47,No,No,Regular,In-store,0
17622,Alice,35.0,Other,San Francisco,Electronics,427,2020-03-22 00:00:00,95.5274829167133,Cash,,,1079.79657208426,60,Yes,No,Regular,Both,0
17327,Eve,45.0,Male,Chicago,Electronics,654,2020-03-22 01:00:00,44.69920367902461,Credit Card,5.0,Good,442.5739873223134,39,No,No,New,Online,0
19738,Alice,68.0,Male,New York,Books,798,2020-03-22 02:00:00,206.1073568140175,PayPal,3.0,Average,1120.775719786884,30,No,No,New,In-store,0
18841,Eve,44.0,Male,San Francisco,Clothing,401,2020-03-22 03:00:00,292.6918479138253,PayPal,4.0,Excellent,3192.534779164655,44,No,No,Regular,Online,0
19160,Bob,49.0,Male,Houston,Books,299,2020-03-22 04:00:00,428.9093096942878,PayPal,4.0,Average,5372.536008876601,74,No,No,Regular,Both,0
11100,Charlie,64.0,Female,San Francisco,Electronics,992,2020-03-22 05:00:00,487.3788375056509,Bank Transfer,4.0,Excellent,2690.670104142259,52,No,Yes,Regular,Online,1
16652,Eve,26.0,Female,New York,Books,518,2020-03-22 06:00:00,225.3513311592332,PayPal,2.0,Good,2168.708936950192,59,No,No,Regular,Online,0
18632,Alice,57.0,Male,Los Angeles,Books,138,2020-03-22 07:00:00,39.61899226278241,Credit Card,1.0,,553.7451474645655,61,Yes,No,Regular,Online,0
17421,Alice,49.0,Female,Chicago,Clothing,831,2020-03-22 08:00:00,377.0666337226766,PayPal,1.0,Good,5544.888345902823,18,Yes,No,New,Both,1
15016,Bob,37.0,Female,Houston,Home Appliances,406,2020-03-22 09:00:00,286.9348955497293,Credit Card,3.0,,2317.336885101105,9,Yes,No,New,Online,1
10769,Alice,45.0,Female,San Francisco,Books,103,2020-03-22 10:00:00,229.4667589737869,Cash,,,1987.052536425042,18,No,No,New,Online,1
11343,John,50.0,Male,New York,Books,732,2020-03-22 11:00:00,161.5417506081729,Bank Transfer,4.0,Excellent,896.5381040985916,2,No,No,New,In-store,1
14358,Charlie,21.0,Other,New York,Electronics,947,2020-03-22 12:00:00,256.1752786433325,Cash,5.0,,3713.348405906861,83,Yes,No,VIP,Online,0
19769,Eve,63.0,Other,Chicago,Electronics,176,2020-03-22 13:00:00,175.9530061839451,Cash,2.0,Good,1402.85414850667,92,No,Yes,VIP,In-store,1
16780,Charlie,51.0,Other,New York,Electronics,567,2020-03-22 14:00:00,380.9358151962065,PayPal,2.0,,5380.2438733052,31,No,No,New,In-store,0
16602,Bob,65.0,Male,New York,Toys,278,2020-03-22 15:00:00,276.5079112813941,PayPal,3.0,Average,3571.896153845785,69,No,Yes,Regular,In-store,1
12349,Eve,20.0,Female,Chicago,Books,744,2020-03-22 16:00:00,439.6554093355149,PayPal,1.0,Average,2817.895321160878,28,No,No,New,Both,0
15699,Eve,43.0,Female,Houston,Electronics,922,2020-03-22 17:00:00,276.3365181782266,Cash,4.0,,1499.129425304456,74,No,No,Regular,In-store,0
11241,John,25.0,Male,Los Angeles,Clothing,840,2020-03-22 18:00:00,126.7485825365657,Bank Transfer,3.0,Bad,890.2351127920401,16,No,Yes,New,Online,1
11125,Bob,23.0,Male,Los Angeles,Toys,375,2020-03-22 19:00:00,427.0350222937508,Bank Transfer,2.0,,6180.025428952105,77,Yes,No,Regular,Online,0
19382,Alice,33.0,Other,San Francisco,Home Appliances,251,2020-03-22 20:00:00,283.0373320157215,Cash,2.0,Excellent,3909.864132331685,34,Yes,No,New,Online,0
16764,John,41.0,Other,Houston,Books,263,2020-03-22 21:00:00,111.352108690345,Bank Transfer,2.0,Excellent,1191.736976986125,22,No,No,New,Online,1
15101,John,65.0,Male,San Francisco,Books,389,2020-03-22 22:00:00,315.5188268785489,Cash,4.0,Good,4177.763253072901,85,No,No,VIP,In-store,0
17843,Charlie,56.0,Other,Los Angeles,Clothing,477,2020-03-22 23:00:00,185.2812148217895,Cash,4.0,Excellent,1517.75035956451,46,No,Yes,Regular,Both,1
10072,Charlie,,Female,Chicago,Home Appliances,720,2020-03-23 00:00:00,423.7587500231122,Bank Transfer,4.0,,3909.373103693427,80,No,No,Regular,Both,0
15472,Charlie,62.0,Male,New York,Home Appliances,737,2020-03-23 01:00:00,232.116871936806,Credit Card,5.0,Good,1305.049275678864,9,Yes,Yes,New,Online,1
15189,John,30.0,Male,Los Angeles,Toys,851,2020-03-23 02:00:00,365.9562654726342,Credit Card,1.0,Good,2922.849991917599,93,No,Yes,VIP,Online,1
12472,Alice,22.0,Female,Houston,Books,409,2020-03-23 03:00:00,56.81274174175621,PayPal,2.0,Average,832.0788323074435,7,Yes,No,New,Both,1
10707,Eve,42.0,Female,Los Angeles,Electronics,488,2020-03-23 04:00:00,204.0519296881496,Bank Transfer,2.0,Bad,2044.938367968347,19,Yes,No,New,Both,1
11804,Charlie,37.0,Female,Houston,Clothing,956,2020-03-23 05:00:00,491.7883038714754,PayPal,5.0,Average,4273.528248254573,91,No,No,VIP,Online,0
16704,Alice,35.0,Other,Houston,Clothing,757,2020-03-23 06:00:00,,Cash,2.0,,,63,No,No,Regular,In-store,0
13713,Bob,64.0,Male,Houston,Clothing,863,2020-03-23 07:00:00,88.37099315979503,Credit Card,2.0,Good,610.5483140746421,90,No,No,VIP,In-store,0
15051,Charlie,35.0,Other,San Francisco,Clothing,282,2020-03-23 08:00:00,,Bank Transfer,4.0,,,93,No,Yes,VIP,Both,1
12475,Eve,19.0,Female,Chicago,Electronics,920,2020-03-23 09:00:00,171.6097463396169,Bank Transfer,4.0,Excellent,1777.770810003487,19,No,No,New,In-store,1
13610,Bob,27.0,Other,Los Angeles,Electronics,405,2020-03-23 10:00:00,328.6791246427684,Bank Transfer,1.0,Bad,1933.985533506335,100,No,No,VIP,Online,0
14255,Bob,62.0,Female,Chicago,Toys,171,2020-03-23 11:00:00,380.9274321499312,Credit Card,2.0,Bad,2520.747954485958,91,No,No,VIP,Both,0
17397,Eve,,Other,New York,Books,318,2020-03-23 12:00:00,377.2680383158758,PayPal,3.0,Excellent,5218.518167672966,25,No,No,New,In-store,1
11735,Charlie,64.0,Other,Los Angeles,Electronics,818,2020-03-23 13:00:00,259.8382875901374,Credit Card,2.0,,2649.704394492596,47,No,Yes,Regular,Both,1
19777,John,29.0,Female,Chicago,Toys,272,2020-03-23 14:00:00,407.3020635406941,PayPal,2.0,,4146.500109874612,82,Yes,Yes,VIP,Online,1
18258,Eve,64.0,Other,Chicago,Home Appliances,752,2020-03-23 15:00:00,224.1682605511628,Cash,1.0,,3061.379001135386,34,No,Yes,New,Online,1
17979,Eve,30.0,Male,New York,Books,371,2020-03-23 16:00:00,70.70147699482533,Cash,,,991.3085809090568,18,No,No,New,Online,1
12428,Eve,67.0,Other,Houston,Electronics,825,2020-03-23 17:00:00,286.5765024103685,PayPal,2.0,,1460.343948649112,67,No,No,Regular,Online,0
17426,Bob,64.0,Other,Los Angeles,Home Appliances,567,2020-03-23 18:00:00,476.6276784545423,Cash,3.0,Average,6740.590842266436,99,No,No,VIP,In-store,0
18533,,28.0,Male,Los Angeles,Toys,368,2020-03-23 19:00:00,398.5668891823306,Cash,4.0,,4889.355308358792,23,No,No,New,Online,1
15249,John,36.0,Female,New York,Electronics,119,2020-03-23 20:00:00,293.5633173691988,Bank Transfer,4.0,,4195.341058016512,39,Yes,No,New,Online,0
15291,Charlie,52.0,Male,Houston,Electronics,677,2020-03-23 21:00:00,326.9347735710575,Bank Transfer,3.0,,3663.115481938647,96,No,No,VIP,Both,0
12817,Charlie,56.0,Other,Los Angeles,Home Appliances,914,2020-03-23 22:00:00,465.9753932474306,Credit Card,2.0,Good,2521.091985837539,15,No,No,New,Both,1
19424,Alice,43.0,Female,Los Angeles,Electronics,602,2020-03-23 23:00:00,219.8879692731306,Credit Card,3.0,Excellent,2304.469541910134,59,No,No,Regular,Online,0
13874,Eve,63.0,Other,Los Angeles,Clothing,246,2020-03-24 00:00:00,172.3831280818923,Credit Card,,Bad,1829.207529734217,22,No,No,New,Online,1
19686,John,31.0,Other,Houston,Electronics,528,2020-03-24 01:00:00,488.84836685022,Bank Transfer,4.0,,5273.585079429427,21,No,No,New,Online,1
14211,Charlie,62.0,Male,New York,Books,264,2020-03-24 02:00:00,433.0871354200634,Credit Card,,Bad,3831.274934726382,17,No,No,New,In-store,1
10661,Charlie,61.0,Male,Los Angeles,Home Appliances,989,2020-03-24 03:00:00,168.2913564631152,Credit Card,5.0,Excellent,1058.50217585968,3,Yes,No,New,Online,1
13374,Eve,41.0,Female,Chicago,Books,409,2020-03-24 04:00:00,237.2524927068522,Bank Transfer,5.0,Average,1581.739381953292,79,Yes,No,Regular,Online,0
19208,Alice,58.0,Female,Houston,Toys,617,2020-03-24 05:00:00,213.3882832138216,PayPal,4.0,Good,1155.797595363987,76,Yes,No,Regular,In-store,0
10207,John,18.0,Female,San Francisco,Books,113,2020-03-24 06:00:00,83.05688254900262,Bank Transfer,2.0,,1155.489570173233,32,No,No,New,Online,0
12665,Alice,68.0,Other,New York,Clothing,231,2020-03-24 07:00:00,479.3314686684969,PayPal,2.0,,4752.340118398777,47,No,No,Regular,Online,0
